nivel,nch,replica,nt,narr,nat,suma_espera_cola,suma_espera_total,rec,recp,sto,stc,stv,pet,pec,pa,pto,ptc,ptv,rpc,t_ultimo_evento,n_eventos,ns_max,sin_pedidos
bajo,3,0,429,186,243,611.0145781083986,1832.7653344419884,2194.34825463479,1670.4184765167759,478.18671075344196,1219.835089211648,2621.978200034909,7.542244174658388,2.5144632843967023,43.35664335664335,11.069136822996342,28.23692336138074,60.6939398156229,731.4494182115967,1456.573395222463,915,1,0
bajo,3,1,409,165,244,555.4878739237913,1776.5076476217375,2222.8973849469494,1602.003970973612,486.12170412178057,1219.964208596156,2613.9140872820612,7.280769047630072,2.276589647228653,40.34229828850856,11.252817225041218,28.23991223602213,60.50727053893661,740.9657949823164,1456.5674230779593,897,1,0
bajo,3,2,399,153,246,556.5362399436456,1732.1931172632662,2290.360395817309,1391.0708429688352,618.7903120030301,1175.6568773196204,2525.5528106773486,7.041435436029538,2.262342438795307,38.34586466165413,14.323849814884957,27.214279567583805,58.46187061753122,763.4534652724363,1450.4820937748245,891,1,0
bajo,3,3,370,123,247,536.8885239828535,1765.0010271032982,2297.594396947491,1158.226041477043,541.8064208693256,1219.9571646451307,2558.2364144855455,7.145753146167199,2.173637748918435,33.24324324324324,12.541815297901056,28.23974918160025,59.21843552049874,765.8647989824971,1455.1337577106442,864,1,0
bajo,3,4,411,166,245,624.3861313918608,1837.9398580442964,2256.9315865672274,1521.0577986538588,459.5333148278757,1207.8956698840002,2652.5710152881265,7.501795338956312,2.548514822007595,40.38929440389295,10.637345250645271,27.960547913981486,61.4021068353733,752.3105288557425,1452.5981471521525,901,1,0
bajo,3,5,396,166,230,570.7543861038093,1742.7898779762938,2125.439084988177,1553.7767937711656,572.5586393723784,1167.3421026434655,2580.0992579841536,7.577347295549104,2.4815408091469973,41.91919191919192,13.253672207693942,27.021807931561703,59.724519860744294,708.479694996059,1460.8172131556987,856,1,0
bajo,3,6,399,155,244,576.3686643259806,1780.2340391038074,2265.048383718778,1433.9668943554698,638.3912329173004,1199.5969212863854,2482.0118457963154,7.296041143868063,2.362166657073691,38.847117794486216,14.77757483604862,27.76844725199966,57.453977911951746,755.0161279062594,1452.501543571092,887,1,0
bajo,3,7,417,178,239,599.1190159666259,1813.577440569591,2229.926525118093,1693.1936107065465,478.9568797286836,1207.9258604484492,2633.117259822867,7.5881901279062385,2.5067741253833717,42.68585131894484,11.086964808534344,27.961246769640024,60.951788421825626,743.3088417060311,1455.8462219601818,895,1,0
bajo,3,8,417,182,235,648.847204766651,1870.7073005211512,2241.950708830532,1671.7371707478576,465.5052892651668,1215.4085272430336,2639.0861834918,7.960456597962345,2.761051935177238,43.645083932853716,10.77558539965664,28.134456649144298,61.08995795119908,747.3169029435107,1463.1542517478806,887,1,0
bajo,3,9,410,170,240,653.3778426937488,1875.7187659694573,2252.5763616407803,1559.338237618439,370.7400230658118,1214.692208292583,2734.567768641604,7.815494858206072,2.72240767789062,41.46341463414634,8.581944978375272,28.117875191957943,63.30017982966676,750.8587872135935,1462.0906657208375,890,1,0
bajo,3,10,399,157,242,593.3622503662677,1800.4993563809242,2257.5749729606473,1490.0486822559412,503.43523478218526,1206.2149359061182,2610.3498293116972,7.440079985045141,2.4519101254804454,39.34837092731829,11.65359339773577,27.921642034863847,60.4247645674004,752.5249909868825,1460.169502095221,883,1,0
bajo,3,11,370,140,230,512.9791724195261,1643.7405259036202,2133.033884951195,1356.1717385748987,733.6967587194234,1127.5148651582977,2458.788376122279,7.146697938711392,2.230344227910983,37.83783783783784,16.98372126665332,26.099881137923557,56.91639759542312,711.0112949837317,1459.527201046524,830,1,0
bajo,3,12,391,160,231,527.1135735096925,1692.2187303069134,2077.0579187996414,1486.271014404349,584.6131369575379,1158.8189518337224,2576.567911208738,7.325622209120837,2.2818769416004003,40.92071611253197,13.532711503646711,26.82451277392876,59.6427757224245,692.3526395998805,1459.0379207237702,853,1,0
bajo,3,13,401,157,244,558.6832810179051,1773.5270654585527,2261.1044102071346,1474.706960963042,577.5995601640589,1202.1376312616753,2540.2628085742645,7.268553546961281,2.289685577942234,39.15211970074813,13.370360188982843,27.82725998290915,58.80237982810797,753.7014700690448,1460.1945173496508,889,1,0
bajo,3,14,408,161,247,665.0398500950716,1919.9760245643386,2269.6095598315574,1507.9748099110413,409.238043297688,1251.1124280236281,2659.6495286786812,7.773182285685581,2.6924690287249864,39.46078431372549,9.473102854113149,28.96093583388028,61.565961312006515,756.5365199438525,1456.4017372462795,902,1,0
bajo,3,15,424,167,257,667.5244243061275,1895.8316099404826,2438.67959397475,1537.9154405397267,435.9519664281821,1228.3071856343547,2655.740847937467,7.376776692375419,2.5973713008020525,39.386792452830186,10.091480704356067,28.433036704498953,61.47548259114507,812.8931979915833,1451.8651468751702,938,1,0
bajo,3,16,418,173,245,545.4086089443194,1763.3642636025604,2312.7868759805037,1615.218612879289,469.08083928615497,1214.60367335484,2636.3154873590056,7.197405157561471,2.2261575875278345,41.38755980861244,10.858352761253586,28.11582577210278,61.02582146664365,770.928958660168,1457.1108811800175,908,1,0
bajo,3,17,401,157,244,576.253721695775,1766.2500109605378,2322.0434695086365,1469.341944582871,533.8210660257262,1187.0272199326341,2599.1517140416395,7.238729553116958,2.361695580720389,39.15211970074813,12.356969120965884,27.477481942885053,60.16554893614906,774.0144898362122,1450.3381585890966,889,1,0
bajo,3,18,404,159,245,581.432457692312,1761.6555221931696,2318.0918173545997,1485.215393423641,507.5235842519615,1173.041083762488,2639.435331985551,7.190430702829264,2.37319370486658,39.35643564356436,11.748231116943552,27.153728790798333,61.098040092258124,772.6972724515332,1455.7434965853922,894,1,0
bajo,3,19,415,174,241,624.7400741024144,1823.390492423053,2237.5093812011455,1629.4334724598211,431.9030393483358,1194.585070353607,2693.5118902980585,7.565935653207689,2.5922824651552463,41.9277108433735,9.997755540470736,27.652432184111277,62.34981227541802,745.8364604003818,1469.3426255132047,897,1,0
bajo,3,20,375,140,235,566.2738614364257,1742.0578365268782,2172.699524026133,1293.4264884190281,671.987526978692,1175.7839750904518,2472.2284979308547,7.413012070327142,2.40967600611245,37.333333333333336,15.555266828210462,27.217221645612312,57.22751152617719,724.2331746753777,1454.7075822663262,845,1,0
bajo,3,21,374,136,238,455.76315184146426,1608.8601580648008,2205.9018486474724,1295.1687823554826,720.4110464370078,1145.4615856384933,2454.1273679245014,6.759916630524373,1.9149712262246397,36.36363636363637,16.67618163048629,26.51531448237253,56.808503887141235,735.3006162158241,1467.0852904355684,850,1,0
bajo,3,22,403,153,250,622.3007327448239,1873.0768190905185,2345.63906803112,1438.3750959599527,486.8654963627639,1244.609887748327,2588.524615888908,7.492307276362074,2.4892029309792956,37.96526054590571,11.270034638026942,28.810414068248313,59.91955129372472,781.8796893437067,1459.4384121938085,903,1,0
bajo,3,23,418,180,238,598.6434082741821,1775.907693268797,2229.786976204436,1684.8306688135783,394.08798199473586,1177.2642849946149,2748.647733010649,7.461797030541164,2.5153084381268154,43.0622009569378,9.122406990618884,27.25148807857905,63.626104930802065,743.2623254014787,1449.1092433296446,894,1,0
bajo,3,24,377,134,243,567.2921699464102,1788.2108547268629,2232.5524674641247,1257.414278441848,529.3268854844459,1206.7567306140004,2583.9163839015555,7.3588924062833865,2.334535678791812,35.54376657824933,12.252937163991804,27.93418357902779,59.81287925698046,744.1841558213749,1461.9991195111947,863,1,0
bajo,3,25,390,150,240,599.5019693460641,1825.613749564369,2185.2516030666816,1408.478477018929,427.5132413002573,1222.3474956747316,2670.1392630250066,7.606723956518205,2.4979248722752674,38.46153846153847,9.896139844913362,28.295080918396565,61.80877923668997,728.4172010222272,1459.3624777344555,870,1,0
bajo,3,26,386,144,242,575.7403127323488,1789.6771995591923,2253.48289480205,1343.6040989992755,494.1023982275444,1212.2994624074563,2613.5981393649995,7.395360328756993,2.379092201373342,37.30569948186528,11.437555514526492,28.062487555728154,60.49995692974536,751.1609649340166,1453.5590183550482,870,1,0
bajo,3,27,389,159,230,527.1500248939551,1684.507665996182,2131.605334497723,1448.3858899302802,767.2625855692427,1151.9118770832206,2400.825537347534,7.323946373896443,2.291956629973718,40.87403598971722,17.760707999288027,26.664626784333812,55.57466521637811,710.535111499241,1458.826189856004,849,1,0
bajo,3,28,408,167,241,550.7987915593638,1787.8670713705824,2232.4258363122553,1522.9717938131512,546.8582582816739,1230.9372471828583,2542.204494535466,7.4185355658530385,2.285472164146738,40.931372549019606,12.65875597874245,28.49391775886246,58.84732626239505,744.1419454374185,1454.389574920991,890,1,0
bajo,3,29,429,176,253,617.5607754203961,1920.182806466851,2373.637505938902,1629.3603567480463,444.0926909774144,1294.1592108281359,2581.748098194448,7.589655361529055,2.440951681503542,41.02564102564102,10.279923402254964,29.95738913954018,59.76268745820482,791.212501979634,1464.8388949967186,935,1,0
bajo,4,0,429,110,319,1129.0894832215497,2719.9371121372574,2838.4517979424722,1026.3149332090939,649.6226573716476,1587.2941168907505,3523.0832257375987,8.526448627389522,3.5394654646443566,25.64102564102564,11.278171134924438,27.55718952935331,61.16463933572221,709.6129494856181,1457.8799178620218,1067,2,0
bajo,4,1,409,86,323,1062.4795196928762,2689.7975332012684,3020.6248869079573,804.2764690126035,632.9884665108451,1626.2624484066,3500.7490850825548,8.327546542418787,3.2894102776869234,21.026894865525673,10.989383099146616,28.233723062614587,60.7768938382388,755.1562217269893,1456.5653878168614,1055,2,0
bajo,4,2,399,76,323,925.2378301320009,2500.9580747333403,3004.937172165542,676.4940666206015,813.6536887137889,1575.7202446013416,3370.626066684865,7.742904256140372,2.864513405981427,19.047619047619047,14.125932095725503,27.35625424655107,58.51781365772335,751.2342930413855,1451.5353201901237,1045,2,0
bajo,4,3,370,55,315,760.592759979224,2324.9446927111876,2956.158955798863,499.66148262567077,824.7480575035565,1555.4972772593437,3379.754665237101,7.3807768022577385,2.4145801904102346,14.864864864864865,14.3185426649923,27.005161063530274,58.67629627147745,739.0397389497158,1455.4074368460572,1000,2,0
bajo,4,4,411,86,325,984.0495187930597,2592.842551860789,2986.4657370685945,791.5236481524921,630.0665754874482,1600.5191232576824,3529.41430125487,7.977977082648582,3.0278446732094144,20.92457420924574,10.938655824434864,27.786790334334764,61.274553841230386,746.6164342671486,1454.1629849122942,1061,2,0
bajo,4,5,396,89,307,996.0712039669937,2546.3076409747937,2823.6770177392063,855.5388610201384,820.1656774429455,1545.543047778783,3394.2912747782693,8.294161696986299,3.2445316090130087,22.474747474747474,14.238987455606692,26.832344579492762,58.928667964900505,705.9192544348016,1460.8172131556987,1010,2,0
bajo,4,6,399,85,314,894.5561164190501,2438.2513990240805,2911.4458998983205,787.5693781759253,986.8460149036135,1529.9016811880715,3243.252303908317,7.765131844025734,2.8489048293600323,21.303258145363408,17.132743314298846,26.5607930761818,56.3064636095194,727.8614749745801,1457.780344311491,1027,2,0
bajo,4,7,417,96,321,1123.4544195321812,2730.7256542290734,3027.4937679219065,895.6263679027315,621.2635747997549,1594.686832538013,3544.0495926622307,8.506933502271256,3.49985800477315,23.021582733812952,10.785825951384634,27.685535287118284,61.52863876149706,756.8734419804766,1459.4577268710887,1059,2,0
bajo,4,8,417,94,323,1050.3015872004607,2700.2928944989335,3050.478585365231,863.2092942131587,536.3330234435907,1649.9913072984707,3573.675669257935,8.36003992104933,3.251707700311024,22.54196642685851,9.31133721256234,28.64568241837623,62.042980369061375,762.6196463413078,1458.0250443086675,1063,2,0
bajo,4,9,410,88,322,1102.8869149031234,2753.041107684351,2987.5126868025086,824.4019124567106,493.1864096773136,1640.874295650363,3625.9392946723274,8.549817104609787,3.425114642556284,21.463414634146343,8.562264056897805,28.487400966152133,62.95033497695013,746.8781717006271,1462.0906657208375,1054,2,0
bajo,4,10,399,80,319,881.1736867042889,2484.3318623733694,2970.3754827665207,777.2481724500695,820.7980332277494,1602.2360055605413,3336.965961211706,7.7878741767190265,2.762299958320655,20.050125313283207,14.249965854648428,27.8165973187594,57.93343682659212,742.5938706916302,1460.169502095221,1037,2,0
bajo,4,11,370,73,297,783.9704568118223,2258.0772793960045,2761.401667163285,727.8039563628078,1009.952061455633,1470.8603342583854,3279.1876042859803,7.60295380268015,2.639631167716573,19.72972972972973,17.53388995582696,25.535769691985855,56.93034035218716,690.3504167908212,1459.527201046524,964,2,0
bajo,4,12,391,86,305,915.3130554552524,2464.3103713110077,2773.6124353191913,789.7164978848007,800.9895909496952,1542.253206224586,3416.7572028257136,8.079706135445926,3.0010264113286964,21.994884910485936,13.906069287321095,26.775229274732393,59.318701437946416,693.4031088297978,1462.5473634501695,1001,2,0
bajo,4,13,401,70,331,960.5389522943262,2597.715180857608,3079.67478946539,656.1365817047857,704.3029082715882,1617.1423602967,3438.55473143171,7.848082117394586,2.9019303694692637,17.45635910224439,12.22748104638174,28.075388199595487,59.697130754022744,769.9186973663475,1467.4331454150204,1063,2,0
bajo,4,14,408,77,331,1008.4107311750188,2667.9834535023465,3083.715542319626,693.8688274229725,552.4835548383829,1648.8249929355802,3558.691452226036,8.060372971306183,3.0465581002266426,18.872549019607842,9.591728382610814,28.625433905131604,61.78283771225757,770.9288855799065,1456.3938540761994,1070,2,0
bajo,4,15,424,84,340,894.5800823368688,2521.4616758826314,3198.586423165591,778.0086113488852,630.5772770835084,1625.3228662656036,3504.099856650887,7.416063752595975,2.631117889226085,19.81132075471698,10.947522171588687,28.217410872666726,60.835066955744566,799.6466057913977,1452.175037480797,1104,2,0
bajo,4,16,418,92,326,1035.511197509808,2665.8952404094534,3077.9682331781933,850.0372556816018,599.8880728535546,1619.3906654562973,3540.7212616901525,8.177592761992189,3.1764147162877543,22.00956937799043,10.41472348704088,28.114421275282936,61.47085523767626,769.4920582945483,1461.2045585866704,1070,2,0
bajo,4,17,401,78,323,909.2122764382318,2501.087734787298,3028.2985396044,763.0868744871098,731.8869738026452,1583.0630443386815,3445.049981858681,7.7433056804560305,2.8148986886632565,19.45137157107232,12.706371072962591,27.483733408657663,59.809895518379875,757.0746349011,1461.6867763571388,1047,2,0
bajo,4,18,404,80,324,902.1582713371303,2479.274578955762,3020.7535338893354,782.5536768889045,726.7476534784164,1564.766988625897,3468.485357895684,7.6520820338140805,2.7844391090652167,19.801980198019802,12.617146761778061,27.16609355253293,60.216759685688956,755.1883834723338,1457.335726702045,1052,2,0
bajo,4,19,415,97,318,994.4831104192295,2607.0521648030403,2935.6230683686163,931.31978529235,709.6902753592699,1601.42955747323,3448.8801671674987,8.198277247808303,3.1273053786768226,23.373493975903614,12.321011724987324,27.802596483910243,59.876391791102414,733.9057670921541,1469.821928319053,1051,2,0
bajo,4,20,375,63,312,923.9594363634831,2513.732430163501,2890.387206951162,575.7388054939978,860.9924422638519,1589.7729938000205,3309.2345639361292,8.056834712062502,2.9614084498829585,16.8,14.947785455969651,27.60022558680591,57.451988957224465,722.5968017377905,1455.8224493992548,999,2,0
bajo,4,21,374,71,303,729.5405384105934,2197.4320107557223,2838.01798338583,663.0526476171251,1137.4364013598258,1458.6851516202407,3163.8784470199284,7.252250860579942,2.4077245492098793,18.983957219251337,19.74715974583031,25.32439499340696,54.92844526076265,709.5044958464575,1463.4937031837615,980,2,0
bajo,4,22,403,76,327,946.5384584171235,2581.204086601864,3084.3626117529843,699.6515522380887,717.4778935078897,1627.228949169964,3415.293157322147,7.893590478904784,2.894613022682335,18.858560794044664,12.456213428956419,28.250502589756316,59.29328398128728,771.0906529382461,1457.1777487358052,1057,2,0
bajo,4,23,418,98,320,1085.516633314725,2677.118008752898,2965.9046940726107,948.7129509454039,496.2089401026368,1591.3854516040756,3672.4056082932866,8.365993777352806,3.3922394791085155,23.444976076555022,8.614738543448555,27.62821964590409,63.757041810647344,741.4761735181527,1454.6899976988898,1058,2,0
bajo,4,24,377,59,318,806.4614785498326,2398.1351652544695,2936.104083642802,553.8626622631716,791.3834990363894,1579.6119696649566,3389.004531298655,7.541305551114684,2.536042385376832,15.649867374005305,13.73929685827065,27.423818917794385,58.83688422393498,734.0260209107005,1459.141201266092,1013,2,0
bajo,4,25,390,69,321,955.9060959878865,2590.1041350881696,2939.180954424587,654.5491256610226,594.853175629105,1628.0253881388405,3537.121436232058,8.068860233919532,2.9779006105541637,17.692307692307693,10.327312076894184,28.264329655188202,61.40835826791767,734.7952386061468,1468.332160626022,1032,2,0
bajo,4,26,386,69,317,823.042215405605,2381.6191782504457,2954.049380299215,643.0376135021089,776.9381421325488,1556.9395384254535,3426.122319441995,7.51299425315598,2.5963476826675236,17.875647668393782,13.488509412023417,27.030200319886344,59.48129026809019,738.5123450748038,1453.5590183550482,1020,2,0
bajo,4,27,389,89,300,930.909778659313,2430.921612145642,2774.6772773070225,805.3139471209785,1002.4371460879232,1500.0118334863287,3257.5510204257507,8.103072040485474,3.1030325955310434,22.87917737789203,17.403422675137556,26.04187210913765,56.554705215724844,693.6693193267556,1452.4657053119747,989,2,0
bajo,4,28,408,85,323,939.2486095107183,2615.112690550466,2942.7857107784534,812.6119193469536,778.8911960666032,1663.694039423309,3317.4147645100866,8.096324119351289,2.9078904319217287,20.833333333333336,13.522416598378529,28.883577073321337,57.59400632830012,735.6964276946134,1452.5274927378998,1054,2,0
bajo,4,29,429,92,337,980.172038407201,2703.134167439306,3144.7782262249516,858.2196364619983,603.1871999764696,1711.971945985187,3444.840854038344,8.021169636318415,2.9085223691608335,21.445221445221446,10.471999999591487,29.72173517335394,59.80626482705458,786.1945565562379,1462.8240809752078,1103,2,0
bajo,5,0,429,44,385,1251.9387847575292,3192.939335411,3483.203183634024,381.56354751754304,1034.6549821522055,1940.2659657517668,4225.079052096028,8.293348923145453,3.2517890513182577,10.256410256410255,14.3702080854473,26.94813841321898,58.68165350133372,696.6406367268048,1455.392313002222,1199,3,0
bajo,5,1,409,28,381,1027.4156086901412,2975.957151852326,3560.4590617678377,264.44229415272287,1102.4843941544568,1947.4859780603945,4150.029627785147,7.810911159717391,2.6966288941998457,6.845965770171149,15.312283252145233,27.048416361949922,57.63930038590481,712.0918123535675,1456.5653878168614,1171,3,0
bajo,5,2,399,24,375,836.1049055943353,2679.488097525291,3466.5694444745586,214.86179431158212,1420.6544287336778,1843.3831919309564,3935.962379335363,7.1453015934007755,2.229613081584894,6.015037593984962,19.73131151018997,25.602544332374393,54.6661441574356,693.3138888949118,1450.0669593725777,1149,3,0
bajo,5,3,370,14,356,539.572073791675,2311.78367242637,3329.9506701421046,125.86976828242891,1592.3853080284514,1766.90831721152,3840.7063747600305,6.49377436074823,1.5156518926732445,3.783783783783784,22.116462611506268,24.540393294604442,53.343144093889315,665.9901340284209,1448.2076331846074,1082,3,0
bajo,5,4,411,30,381,889.6890336215325,2782.8124650548825,3516.748367366714,261.2410178543737,1177.485491665892,1886.8498993962082,4135.664608937895,7.303969724553498,2.335141820528957,7.2992700729927,16.353965162026277,26.20624860272511,57.43978623524853,703.3496734733428,1458.463030089655,1173,3,0
bajo,5,5,396,37,359,944.7141308728911,2761.815799037621,3328.0013503582363,351.2145284011097,1382.3067262471982,1812.4082789357112,4005.2849948170838,7.693080220160505,2.631515684882705,9.343434343434344,19.198704531211085,25.17233720744043,55.62895826134838,665.6002700716473,1460.8172131556987,1114,3,0
bajo,5,6,399,38,361,988.4841092228223,2744.987530671142,3353.6341377558538,345.3811403183923,1640.4454316351246,1739.525379921644,3820.0291884432277,7.603843575266321,2.738183128041059,9.523809523809524,22.78396432826562,24.16007472113394,53.05596095060039,670.7268275511708,1457.780344311491,1121,3,0
bajo,5,7,417,36,381,1084.8574841752397,2969.581716968484,3588.2534587496402,334.8666770749945,1143.485382823611,1869.5668494856175,4186.9477676907645,7.794177734825418,2.847394971588556,8.633093525179856,15.881741428105709,25.9662062428558,58.1520523290384,717.650691749928,1463.33895370198,1179,3,0
bajo,5,8,417,44,373,939.3246643270134,2820.034010576339,3489.6015123250436,424.08636725334753,1164.3908845407252,1880.7093462493249,4154.899769209952,7.560412896987504,2.5182966872037893,10.551558752997602,16.17209561862118,26.120963142351734,57.70694123902711,697.9203024650087,1459.6689643775464,1163,3,0
bajo,5,9,410,27,383,1178.662680063627,3116.3473016225616,3560.476789022032,251.43781023718893,995.0722558524875,1929.585391796483,4275.342352351032,8.136677027735148,3.0774482508188696,6.585365853658537,13.820447997951216,26.799797108284483,59.379754893764336,712.0953578044064,1462.0906657208375,1176,3,0
bajo,5,10,399,27,372,864.7073061552716,2727.2988194664968,3480.234565345835,267.38908987075376,1442.8765312920757,1861.669343202688,3895.454125505236,7.331448439426066,2.3244820057937408,6.7669172932330826,20.039951823501053,25.856518655592886,54.10352952090606,696.046913069167,1460.169502095221,1143,3,0
bajo,5,11,370,28,342,831.5296953965686,2537.5385792835077,3209.2152483279424,279.99037519815084,1641.5160250293807,1702.76239556114,3855.7215794094773,7.419703448197391,2.4313733783525397,7.567567567567568,22.79883368096362,23.649477716126945,53.55168860290941,641.8430496655885,1459.527201046524,1054,3,0
bajo,5,12,391,33,358,973.179410795104,2777.202396333103,3257.019775297019,306.3091579069732,1399.2689005308323,1794.75872174625,4005.972377722907,7.7575485931092265,2.7183782424444245,8.439897698209718,19.43429028515045,24.92720446869792,55.63850524615148,651.4039550594038,1464.8771916597943,1107,3,0
bajo,5,13,401,25,376,876.9127901383858,2738.611801484305,3492.356013489514,243.4553576806626,1462.6452920117035,1831.0597100065474,3906.294997981745,7.283542025224215,2.332214867389324,6.234413965087282,20.314517944606994,25.43138486120205,54.2540971941909,698.4712026979029,1467.4331454150204,1153,3,0
bajo,5,14,408,22,386,1065.1585244990915,3000.444874998576,3566.935008231446,210.649361511152,1090.993999872699,1922.1728923348287,4186.833107792472,7.773173251291647,2.7594780427437606,5.392156862745098,15.152694442676376,26.69684572687262,58.150459830451005,713.3870016462891,1471.170138324147,1180,3,0
bajo,5,15,424,34,390,833.1361386005703,2702.809798998448,3665.871286366477,310.7237481479994,1317.1102662429014,1865.5781035009354,4017.311630256165,6.930281535893457,2.136246509232232,8.018867924528301,18.293198142262522,25.910806993068547,55.795994864668955,733.1742572732953,1474.5465768291854,1204,3,0
bajo,5,16,418,39,379,964.35075044309,2870.469758186504,3581.3866225973607,346.6188662624338,1201.4856174141928,1893.47988521313,4105.034497372675,7.573798834265181,2.544461082963298,9.330143540669857,16.687300241863788,26.29833173907125,57.01436801906493,716.2773245194721,1459.2340482701966,1176,3,0
bajo,5,17,401,29,372,740.3152705319164,2578.5905919462966,3500.230678503942,291.1547355875675,1500.6262271444411,1824.1393342821282,3875.234438573434,6.931695139640582,1.99009481325784,7.231920199501247,20.842030932561684,25.335268531696226,53.82270053574214,700.0461357007883,1461.6029008504095,1145,3,0
bajo,5,18,404,34,370,873.6774802535348,2683.560390606038,3477.2943331496444,326.01287762859465,1490.00461688323,1791.8190632588405,3918.176319857931,7.252865920556859,2.3612904871717157,8.415841584158416,20.694508567822638,24.886375878595008,54.41911555358237,695.4588666299289,1461.8069145782877,1144,3,0
bajo,5,19,415,43,372,1034.4792196414035,2913.8085474081,3469.693055942477,397.2497977184911,1268.0381486862943,1874.065943122169,4057.8959081915314,7.832818675828226,2.7808581173156006,10.361445783132531,17.61164095397631,26.028693654474573,56.35966539154905,693.9386111884953,1465.7945620938756,1159,3,0
bajo,5,20,375,20,355,688.3828435756225,2486.617965058466,3274.2558736323854,191.87013881277466,1611.1214199131866,1798.2351214828452,3790.643458603969,7.004557648052017,1.9391066016214717,5.333333333333334,22.376686387683147,24.97548779837285,52.64782581394402,654.8511747264771,1463.21227452784,1085,3,0
bajo,5,21,374,28,346,669.7823551294911,2362.529147740145,3234.4575834894886,266.6130475134676,1863.281516897121,1685.9930772065402,3650.725405896335,6.828118924104466,1.9357871535534423,7.4866310160427805,25.87890995690446,23.416570516757503,50.70451952633799,646.8915166978977,1463.4937031837615,1066,3,0
bajo,5,22,403,25,378,1003.7519911232662,2903.5285538215317,3548.483291475497,235.53087251557554,1353.9560238792264,1893.6119350709737,3952.4320410498017,7.681292470427333,2.6554285479451485,6.20347394540943,18.804944776100367,26.300165764874635,54.89488945902502,709.6966582950994,1455.957590671009,1159,3,0
bajo,5,23,418,38,380,1084.9248858174997,2960.4822401226875,3533.630411685798,380.98723333221676,999.6780504057222,1875.5573543051835,4324.764595289094,7.790742737164967,2.85506548899342,9.090909090909092,13.88441736674614,26.0494076986831,60.06617493457076,706.7260823371596,1453.8621878449258,1178,3,0
bajo,5,24,377,21,356,514.5989658060953,2294.1590128087832,3287.9381638365303,202.02858206944367,1653.6167887165118,1767.4983299630078,3778.8848813204786,6.444266889912313,1.4455027129384699,5.570291777188329,22.966899843284885,24.548587916152886,52.484512240562196,657.5876327673061,1459.141201266092,1089,3,0
bajo,5,25,390,21,369,808.7285447414902,2682.608656881732,3396.0999299279915,197.63015015761906,1241.2441989522576,1867.3797737026653,4091.3760273450735,7.269942159571089,2.1916762730121686,5.384615384615385,17.2395027632258,25.935830190314796,56.82466704645935,679.2199859855983,1467.630425489271,1128,3,0
bajo,5,26,386,24,362,751.5188485917878,2531.958670123152,3372.817624140536,224.2693696607884,1537.9453756115315,1778.8023971119774,3883.2522272764922,6.994360967191027,2.0760189187618447,6.217616580310881,21.36035243904905,24.705588848777463,53.9340587121735,674.5635248281071,1453.5590183550482,1110,3,0
bajo,5,27,389,29,360,959.3463057604702,2757.8267596996993,3307.2175855761707,272.7736388518305,1550.3720404449764,1798.4804539392283,3851.147505615791,7.660629888054721,2.6648508493346394,7.455012853470437,21.532945006180228,24.978895193600394,53.488159800219314,661.4435171152342,1452.4657053119747,1109,3,0
bajo,5,28,408,36,372,1028.3874762106652,2952.2864106483075,3419.7015400645587,335.6960900608487,1382.7490312826512,1911.9158768344278,3905.3350918829215,7.936253792065343,2.7644824629318956,8.823529411764707,19.20484765670349,26.55438717825594,54.24076516504057,683.9403080129117,1451.5115887988065,1152,3,0
bajo,5,29,429,31,398,1062.1595088111908,3094.144220747954,3712.281657130013,290.71620555693534,1026.8444813856981,2023.3744234998344,4149.781095114464,7.774231710421995,2.6687424844502283,7.226107226107226,14.261728908134696,28.102422548608814,57.635848543256444,742.4563314260026,1461.9691403299257,1225,3,0
bajo,6,0,429,19,410,653.4966735067819,2703.9097476251723,3697.1440228098854,167.62270834168177,2099.196581218322,2049.678489216689,4491.124929564988,6.59490182347603,1.5938943256262974,4.428904428904429,24.296256727063913,23.723130662230194,51.980612610705876,616.1906704683142,1455.392313002222,1249,3,0
bajo,6,1,409,8,401,450.8934484308512,2494.7228543258534,3752.5766155037177,72.32474041684334,2239.8366170758936,2042.773840793211,4357.389542130895,6.221254000812602,1.1244225646654644,1.9559902200488997,25.924034919859878,23.643215749921424,50.4327493302187,625.4294359172862,1456.5653878168614,1211,3,0
bajo,6,2,399,7,392,396.9906234504226,2324.043022831973,3624.793950717372,56.63728806876775,2598.1758098309792,1927.052399381551,4114.771790787467,5.9286811806938085,1.0127311822714862,1.7543859649122806,30.071479280451147,22.303847215064245,47.62467350448457,604.132325119562,1448.8805911829656,1183,3,0
bajo,6,3,370,7,363,196.73625163402255,2005.9884124624982,3389.9597370887554,65.86070133577844,2913.158663882039,1804.3498520647715,3922.4914840531874,5.526138877307158,0.5419731449973073,1.891891891891892,33.717114165301375,20.883678843342263,45.39920699135634,564.9932895147925,1448.2076331846074,1096,3,0
bajo,6,4,411,11,400,401.822716206226,2402.439601508352,3681.3288560888204,96.66052913226662,2256.2686169874373,1999.6893034979191,4384.042079514641,6.00609900377088,1.004556790515565,2.67639902676399,26.114220104021264,23.14455212381851,50.7412277721602,613.5548093481367,1453.4962705426894,1211,3,0
bajo,6,5,396,14,382,464.16037622452643,2390.624379147146,3551.307265105866,127.90861365348019,2515.760824619956,1921.770613693599,4202.468561686448,6.258179003003001,1.2150795189123729,3.535353535353535,29.117602136805047,22.242715436268508,48.639682426926484,591.884544184311,1460.8172131556987,1160,3,0
bajo,6,6,399,15,384,562.2402542901618,2447.9721844038904,3568.5325405154867,130.4827375587587,2709.887682109492,1874.053526462212,4056.058791428294,6.374927563551798,1.4641673288806298,3.7593984962406015,31.364440765156154,21.69043433405338,46.94512490079044,594.7554234192478,1454.6595728283323,1167,3,0
bajo,6,7,417,16,401,500.8159119685921,2492.0189509067122,3778.1375831435166,144.98255268111873,2254.021680362697,1981.908411365416,4404.069908271889,6.214511099517986,1.2489174862059653,3.8369304556354913,26.088213893086774,22.938754761173797,50.973031345739464,629.6895971905861,1455.2339054402214,1219,3,0
bajo,6,8,417,24,393,470.28885041914054,2448.4974287922523,3678.083677970256,235.60420160813342,2286.24811446911,1978.2085783731125,4375.543307157782,6.230273355705477,1.1966637415245307,5.755395683453238,26.461205028577663,22.895932620059174,50.64286235136321,613.0139463283759,1455.1237098291651,1203,3,0
bajo,6,9,410,8,402,468.4592864645313,2509.2366027535036,3732.3763750271114,79.53822423210865,2127.456113901267,2032.678086526521,4479.865799572208,6.24188209640175,1.1653216081207247,1.951219512195122,24.623334651635037,23.526366742205106,51.85029860615982,622.0627291711852,1462.0906657208375,1214,3,0
bajo,6,10,399,8,391,429.8483806052044,2390.414558730391,3679.4479384926576,68.17571672393146,2579.673596125394,1959.6440080166476,4100.682395857954,6.113592221816857,1.0993564721360727,2.0050125313283207,29.85733328848836,22.68106490760009,47.461601803911506,613.2413230821096,1460.169502095221,1181,3,0
bajo,6,11,370,10,360,400.9988849727479,2192.4741168885257,3398.2923223541648,90.91330117192824,2843.3020027600683,1788.2287435899818,4008.4692536499488,6.090205880245905,1.1138857915909663,2.7027027027027026,32.908587994908196,20.697091939698865,46.394320065392925,566.3820537256942,1459.527201046524,1090,3,0
bajo,6,12,391,13,378,459.49076594047534,2375.086803606623,3451.226236880377,112.10269632361597,2541.8587545957453,1909.309832702647,4188.831412701604,6.283298422239744,1.2155840368795643,3.324808184143223,29.41966151152483,22.098493434058415,48.48184505441671,575.2043728133962,1459.0379207237702,1147,3,0
bajo,6,13,401,8,393,453.6187042918241,2403.5634737352293,3660.5534495197553,75.25792165042068,2644.424343193892,1922.8330049282936,4072.7426518778093,6.115937592201601,1.1542460669003158,1.99501246882793,30.60676323141079,22.25501163111451,47.13822513747464,610.0922415866258,1462.1949562682435,1187,3,0
bajo,6,14,408,7,401,348.9713249808967,2354.585372956488,3712.821078076153,64.76329166644452,2295.8786211355678,1994.7450581206044,4349.376320743824,5.87178397246007,0.8702526807503659,1.715686274509804,26.57266922610611,23.08732706158107,50.34000371231278,618.8035130126922,1464.2850429531643,1210,3,0
bajo,6,15,424,10,414,432.2471944373547,2424.8650337174486,3886.887108772602,89.70792574187372,2398.8799552323635,1991.0591119999333,4250.060932767706,5.857161917191905,1.0440753488824994,2.358490566037736,27.764814296670874,23.044665648147376,49.19052005518178,647.814518128767,1468.8442838864448,1252,3,0
bajo,6,16,418,19,399,474.1738619673112,2480.968237795701,3763.314568963267,164.69091989652628,2321.733429065584,2000.5854319519106,4317.681138982506,6.217965508259902,1.1884056690910056,4.545454545454546,26.871914688259075,23.15492398092489,49.97316133081604,627.2190948272112,1457.1103130722172,1216,3,0
bajo,6,17,401,9,392,441.7212464660455,2361.74692113559,3707.8215983684195,83.56381572308955,2603.4516256294137,1912.6638043691773,4123.88457000141,6.024864594733648,1.1268399144541976,2.2443890274314215,30.1325419633034,22.13731255056918,47.73014548612743,617.9702663947365,1456.8296256121207,1185,3,0
bajo,6,18,404,12,392,469.0395979291961,2384.6709143129356,3685.2508714314818,118.05633934675856,2574.574380051031,1899.4655446927839,4165.9600752561855,6.083344169165652,1.1965295865540717,2.9702970297029703,29.79831458392397,21.98455491542574,48.2171305006503,614.2084785719136,1460.752253424355,1188,3,0
bajo,6,19,415,22,393,541.4507940791766,2525.50441169599,3677.6323842589354,189.31046940203092,2401.4145671593083,1978.7902329722856,4259.795199868405,6.426219877089032,1.3777373895144442,5.301204819277109,27.794150082862362,22.90266473347553,49.30318518366209,612.9387307098226,1465.7945620938756,1201,3,0
bajo,6,20,375,10,365,345.7258180656911,2196.9717729307386,3375.9522123931897,90.17380005197037,2862.9632372732644,1851.2459548650477,3925.7908078616897,6.019100747755448,0.9471940220977838,2.666666666666667,33.13614857955167,21.42645781093805,45.437393609510295,562.6587020655317,1454.7075822663262,1105,3,0
bajo,6,21,374,14,360,380.36044481839576,2142.420454493943,3377.2779982544444,123.79263274851195,3075.02120106452,1755.3062942714332,3809.6725046640454,5.951167929149841,1.0565567911622105,3.7433155080213902,35.59052316046898,20.316045072586032,44.09343176694497,562.8796663757407,1463.4937031837615,1094,3,0
bajo,6,22,403,7,396,410.8551064545839,2398.199470339409,3723.278589875381,60.73557411569267,2499.498991506234,1981.179736257529,4159.321272236235,6.056059268533861,1.0375128950873331,1.7369727047146404,28.929386475766595,22.93032102149918,48.1402925027342,620.5464316458969,1455.957590671009,1195,3,0
bajo,6,23,418,15,403,528.7455379117915,2524.779262780411,3767.024405124427,147.59323989358825,2062.793710586887,1996.033724868618,4581.172564544495,6.264960949827323,1.312023667274917,3.588516746411483,23.874927205866747,23.102242185979375,53.02283060815388,627.8374008540712,1451.9145067962024,1224,3,0
bajo,6,24,377,9,368,223.88584862787104,2067.1017391190767,3395.548528200391,94.4182177055826,2888.996812409116,1831.1541734515267,3919.849014139355,5.617124291084448,0.6083854582279105,2.3872679045092835,33.43746310658699,21.193914044577856,45.36862284883513,565.9247547000651,1459.141201266092,1113,3,0
bajo,6,25,390,7,383,346.02578345162266,2300.014738333054,3525.8529018528866,67.87717823272301,2453.258525031327,1949.7149047799298,4237.026570188745,6.00526041340223,0.903461575591704,1.7948717948717947,28.39419589156628,22.56614473124919,49.03965937718455,587.6421503088144,1463.8304264309081,1156,3,0
bajo,6,26,386,9,377,361.0246887962463,2217.7433607834273,3515.2265156240014,81.86047817732175,2759.390750309102,1855.0812475677935,4025.5280021231088,5.882608384040921,0.9576251692208125,2.33160621761658,31.937392943392386,21.47084777277539,46.59175928383228,585.8710859373335,1453.5590183550482,1140,3,0
bajo,6,27,389,11,378,441.9893845619148,2331.2123245461325,3485.282596574347,94.70862785365478,2714.2905188470213,1889.2229399842154,4036.4865411687642,6.167228371815165,1.1692840861426317,2.827763496143959,31.41539952369238,21.866006249817307,46.71859422649033,580.8804327623911,1452.4657053119747,1145,3,0
bajo,6,28,408,12,396,494.2041746898545,2550.458264382388,3642.011762068631,113.38586805677647,2460.484723436042,2044.2710320893234,4135.244244474639,6.440551172682798,1.2479903401258952,2.941176470588235,28.47783244717641,23.660544352885687,47.86162319993795,607.0019603447719,1451.5115887988065,1200,3,0
bajo,6,29,429,13,416,435.6471799914728,2560.464598125808,3878.99804871884,123.99981396811009,2197.9488620780894,2116.207129697408,4325.844008224507,6.1549629762639615,1.047228798056425,3.0303030303030303,25.439222940718626,24.493138075201486,50.06763898407994,646.4996747864733,1461.9691403299257,1261,3,0
bajo,7,0,429,6,423,324.7186895103629,2432.662595670569,3806.149397177494,58.617333974073524,3350.89238106016,2107.209321258504,4621.898297681341,5.750975403476522,0.7676564763838366,1.3986013986013985,33.24297997083492,20.904854377564526,45.85216565160061,543.7356281682135,1455.392313002222,1275,4,0
bajo,7,1,409,1,408,195.01141783317058,2277.922820246252,3816.8853153865193,8.01604053404185,3576.7236467757352,2081.85583731129,4421.420515912974,5.583144167270225,0.47796916135581025,0.24449877750611246,35.483369511664044,20.653331719358036,43.86329876897792,545.2693307695027,1456.5653878168614,1225,4,0
bajo,7,2,399,0,399,155.1133531547341,2121.193732530618,3681.4312387861396,0.0,3917.1152726718856,1966.0803793758835,4196.804347952224,5.316275018873729,0.38875527106449653,0.0,38.86027056222109,19.50476566841154,41.6349637693673,525.9187483980199,1448.8805911829656,1197,4,0
bajo,7,3,370,0,370,128.5076188230674,1968.8071382742323,3455.8204384245346,0.0,4239.0565621797405,1835.3972106874594,4005.5462271327942,5.321100373714142,0.34731788871099295,0.0,42.05413256130695,18.20830566158194,39.737561777111054,493.6886340606478,1448.2076331846074,1110,4,0
bajo,7,4,411,1,410,269.47697599416165,2325.788446440768,3771.132157514367,6.857227706719682,3520.237786228561,2055.794208651927,4503.968005119522,5.672654747416507,0.6572609170589309,0.24330900243309003,34.92299391099763,20.39478381599134,44.68222227301113,538.7331653591953,1453.0859505331634,1231,4,0
bajo,7,5,396,3,393,233.63088906170896,2205.3490707422734,3644.042192353658,35.17368640568786,3751.889900720471,1967.0247924515468,4361.085306827985,5.611575243619017,0.5944806337448065,0.7575757575757576,37.22112996746499,19.514134845749474,43.264735186785565,520.5774560505225,1460.8172131556987,1182,4,0
bajo,7,6,399,3,396,284.97846974259005,2228.242327133244,3668.1894123561183,30.82586571812615,3957.476962822806,1934.518368171526,4188.004669005663,5.626874563467788,0.7196426003600759,0.7518796992481203,39.260684154988155,19.19165047789212,41.54766536711968,524.0270589080169,1452.501543571092,1191,4,0
bajo,7,7,417,3,414,289.23929831272005,2345.3954772482293,3897.919062281399,25.201073543236554,3452.996350133463,2046.8615513628056,4580.142098503731,5.665206466783163,0.6986456480983576,0.7194244604316548,34.25591617195896,20.30616618415482,45.43791764388622,556.8455803259142,1455.2339054402214,1245,4,0
bajo,7,8,417,8,409,343.8611070589886,2410.5843525023865,3833.9231944200287,79.76468515836076,3475.704499465097,2066.723245443398,4537.572255091505,5.893849272621972,0.8407362030782117,1.9184652278177456,34.48119543120136,20.50320680003371,45.015597768764934,547.7033134885755,1457.0762892163436,1235,4,0
bajo,7,9,410,1,409,184.5474331046961,2253.7163934201726,3799.9029523336285,12.011646925591517,3442.326511545358,2061.069730553025,4576.603757901616,5.5103090303671705,0.45121621785989263,0.24390243902439024,34.150064598664265,20.447120342787944,45.40281505854777,542.843278904804,1462.0906657208375,1228,4,0
bajo,7,10,399,0,399,189.41261057573467,2191.7336339179847,3747.6236552165897,0.0,3877.8975240892414,2001.3988532337135,4200.703622677045,5.493066751674147,0.4747183222449491,0.0,38.471205596123426,19.85514735350906,41.673647050367514,535.3748078880842,1460.169502095221,1197,4,0
bajo,7,11,370,1,369,254.86120790055492,2099.4137984967174,3482.140686754145,7.064936771949138,4086.582145077822,1841.306102270366,4152.111752651811,5.68946828860899,0.690680780218306,0.2702702702702703,40.541489534502205,18.26692561776157,41.191584847736216,497.44866953630645,1459.527201046524,1108,4,0
bajo,7,12,391,2,389,230.7875950832595,2199.4925710644284,3547.796310996628,15.532622207365502,3792.058623553522,1962.4187710176714,4325.522605428803,5.654222547723466,0.5932843061266311,0.5115089514066496,37.619629201919864,19.468440188667373,42.91193060941273,506.82804442808975,1459.0379207237702,1169,4,0
bajo,7,13,401,2,399,159.89903082614606,2139.7024750626088,3712.8486578641973,22.962713305978745,3989.1522710429144,1955.4342177903538,4135.413511166729,5.362662844768443,0.4007494506920954,0.4987531172069825,39.57492332383843,19.399148986015415,41.025927690146126,530.4069511234568,1456.3449871265407,1199,4,0
bajo,7,14,408,0,408,139.14965039252198,2177.5529386614944,3777.584369742597,0.0,3615.7649345833725,2027.5342984139847,4436.70076700264,5.337139555542879,0.34105306468755386,0.0,35.870683874835045,20.1144275636308,44.01488856153412,539.6549099632282,1464.2850429531643,1224,4,0
bajo,7,15,424,3,421,200.83517701555894,2225.078883681539,3951.468580913112,25.126453601364062,3719.6188410608443,2024.24370666598,4336.137452273185,5.285223001618857,0.4770431758089286,0.7075471698113208,36.9009805660798,20.08178280422599,43.017236629694295,564.495511559016,1468.534393280818,1266,4,0
bajo,7,16,418,4,414,289.0675079702217,2371.4671318042883,3889.581328401358,38.424160458435985,3508.547010775581,2078.436269869067,4493.016719355352,5.728181477788136,0.6982306955802456,0.9569377990430622,34.80701399578949,20.61940743917725,44.57357856503325,555.6544754859083,1456.0841423462723,1246,4,0
bajo,7,17,401,0,401,233.75329209611772,2203.6416974230506,3791.385414091509,0.0,3880.809910039913,1968.2869131541743,4230.903176805911,5.495365828985164,0.5829259154516652,0.0,38.500098313888024,19.526655884466017,41.973245801645945,541.6264877273585,1454.2168541894164,1203,4,0
bajo,7,18,404,2,402,218.5479875063282,2176.0795202821846,3783.849397205381,19.45781357286007,3839.2481437924625,1941.3657610849002,4299.386095122638,5.41313313503031,0.5436517102147468,0.49504950495049505,38.0877792042903,19.25958096314385,42.65263983256585,540.5499138864831,1460.752253424355,1208,4,0
bajo,7,19,415,9,406,359.4590933615134,2411.881218060549,3785.833053986458,81.1097996745083,3633.8063162105077,2047.1587400545047,4399.034943734986,5.940594133154062,0.8853672250283581,2.1686746987951806,36.0496658354217,20.309114484667706,43.64121967991058,540.8332934266368,1465.7945620938756,1227,4,0
bajo,7,20,375,1,374,168.83646839164055,2067.9008930903847,3457.6564255544868,8.469586890674428,4145.34218981781,1899.0644246987458,4035.593385483444,5.529146772968943,0.45143440746427954,0.26666666666666666,41.1244264862878,18.839924848201843,40.03564866551035,493.95091793635527,1454.7075822663262,1123,4,0
bajo,7,21,374,4,370,241.62917208796222,2046.0816730719434,3467.1050338338173,33.96559716913875,4364.432215838729,1797.6987855798666,3917.8689985813976,5.529950467762009,0.6530518164539519,1.06951871657754,43.29793864919373,17.834313349006614,38.867748001799576,495.30071911911676,1463.4937031837615,1114,4,0
bajo,7,22,403,2,401,179.07524526887755,2189.3913784537276,3766.5234388471526,17.49072514392153,3855.053390214075,2004.1515055575546,4220.795104228369,5.459828873949445,0.44657168396228814,0.49627791563275436,38.24457728386979,19.882455412277327,41.87296730385287,538.0747769781647,1455.957590671009,1205,4,0
bajo,7,23,418,4,414,321.4918851513729,2375.7784077366823,3875.5238791182314,39.093765899785495,3324.9010760378596,2054.286522585309,4700.8124013768265,5.738595187769764,0.7765504472255385,0.9569377990430622,32.98512972259781,20.379826612949493,46.635043664452645,553.6462684454616,1450.8740366010763,1246,4,0
bajo,7,24,377,1,376,154.97274666734563,2029.7739110319333,3480.205269066558,9.76147683941567,4223.093795888907,1862.7394473249085,3994.166756786176,5.39833486976578,0.4121615602854937,0.2652519893899204,41.89577178461217,18.47955800917568,39.624670206212066,497.1721812952225,1459.141201266092,1129,4,0
bajo,7,25,390,2,388,179.74039442631795,2154.131805761973,3574.9473465537762,18.78273353183399,3810.0147568799484,1970.1173612341543,4299.867881885896,5.551886097324672,0.4632484392430875,0.5128205128205128,37.79776544523759,19.544815091608672,42.65741946315374,510.7067637933966,1463.8304264309081,1166,4,0
bajo,7,26,386,2,384,153.27066821561374,2051.7534903173228,3573.792996417032,23.293997384290442,4075.3115757630767,1896.8453976823216,4107.843026554594,5.343108047701361,0.3991423651448274,0.5181347150259068,40.4296783309829,18.817910691292873,40.752410977724146,510.5418566310046,1453.5590183550482,1154,4,0
bajo,7,27,389,2,387,249.95566263383625,2178.5444232342306,3564.7335077044263,15.257716723575331,3989.4631108985145,1928.5887606003907,4161.948128501094,5.629313755127211,0.6458802652037112,0.5141388174807198,39.57800705256463,19.13282500595626,41.28916794147911,509.2476439577752,1452.4657053119747,1163,4,0
bajo,7,28,408,2,406,167.26976282836057,2266.1495601467504,3732.5444653561703,22.85316476923765,3760.7830613133315,2086.896739715175,4232.320198971494,5.58164916292303,0.41199448972502606,0.49019607843137253,37.309355766997335,20.703340671777532,41.98730356122514,533.2206379080243,1451.5115887988065,1220,4,0
bajo,7,29,429,5,424,224.60323083283546,2386.1251652128867,3953.649380065483,49.34848262146617,3520.5536199021562,2152.911645943125,4406.534734154717,5.627653691539827,0.5297246010208384,1.1655011655011656,34.92612718156901,21.358250455784972,43.715622362646,564.807054295069,1461.9691403299257,1277,4,0
bajo,8,0,429,0,429,147.49298706295986,2281.981596594665,3864.7667311515675,0.0,4680.8491904285465,2133.754024630004,4705.396784941461,5.319304420966585,0.3438064966502561,0.0,40.63237144469225,18.52217035269101,40.845458202616854,483.09584139394593,1455.392313002222,1287,4,0
bajo,8,1,409,0,409,74.04698428574495,2161.349954665322,3824.9013559205614,0.0,5006.095272642314,2086.2474052777843,4427.657322079904,5.284474216785628,0.1810439713587896,0.0,43.455688130575645,18.109786504147433,38.43452536527694,478.1126694900702,1456.5653878168614,1227,4,0
bajo,8,2,399,0,399,37.961714066620175,2004.0420934425042,3681.4312387861396,0.0,5357.115272671899,1966.0803793758826,4196.80434795222,5.022661888327078,0.09514214051784504,0.0,46.502736741943565,17.066669959860093,36.43059329819636,460.17890484826745,1448.8805911829656,1197,3,0
bajo,8,3,370,0,370,46.077576842427675,1886.3770962935916,3455.820438424534,0.0,5679.056562179751,1835.3972106874598,4005.5462271327933,5.098316476469167,0.12453399146602075,0.0,49.29736599114368,15.932267453884199,34.77036655497216,431.97755480306677,1448.2076331846074,1110,2,0
bajo,8,4,411,0,411,106.27663293467052,2167.88827556903,3777.9893852210866,0.0,4949.776684159648,2061.09438083968,4509.128935000687,5.274667337150925,0.2585806154128236,0.0,42.96681149444139,17.891444278122222,39.14174422743652,472.24867315263583,1453.0859505331634,1233,4,0
bajo,8,5,396,0,396,99.99692848417291,2086.4722094897415,3679.2158787593457,0.0,5139.9259204826985,1981.7818917765503,4398.292187740757,5.268869215883186,0.2525174961721538,0.0,44.61741250419009,17.20296781056033,38.17961968524963,459.9019848449182,1460.8172131556987,1188,4,0
bajo,8,6,399,0,399,103.35946633501754,2064.3161510851464,3699.0152780742437,0.0,5352.369097322055,1954.6612338434445,4212.9696688345075,5.173724689436457,0.25904628154139736,0.0,46.46153730314283,16.96754543266879,36.57091726418844,462.37690975928047,1452.501543571092,1197,5,0
bajo,8,7,417,0,417,117.54621317645945,2185.244908995651,3923.120135824636,0.0,4859.83328645525,2058.4040682464865,4601.762645298256,5.240395465217388,0.281885403300862,0.0,42.18605283381294,17.868090870195196,39.9458562959918,490.3900169780795,1455.2339054402214,1251,4,0
bajo,8,8,417,1,416,172.58034293660847,2272.732477559807,3903.697399801343,9.990479777047064,4800.471672930796,2100.1521346231993,4619.376192446004,5.463299224903382,0.4148565935976165,0.2398081534772182,41.67076104974649,18.23048727971527,40.09875167053823,487.9621749751679,1452.928795643666,1249,5,0
bajo,8,9,410,0,410,61.588710208394446,2135.8793362793167,3811.91459925922,0.0,4868.251764487306,2066.1913963084708,4585.5568392042205,5.209461795803212,0.15021636636193766,0.0,42.25912990006342,17.935689204066588,39.80518089586997,476.4893249074025,1462.0906657208375,1230,4,0
bajo,8,10,399,0,399,54.61550592580787,2056.9365292680577,3747.6236552165897,0.0,5317.897524089245,2001.398853233713,4200.703622677051,5.155229396661799,0.13688096723260118,0.0,46.16230489660803,17.373253934320427,36.46444116907162,468.4529569020737,1460.169502095221,1197,3,0
bajo,8,11,370,0,370,88.06570984154448,1936.8354278823565,3489.205623526094,0.0,5505.346219945637,1845.5232297150146,4169.130550339344,5.234690345627991,0.23801543200417424,0.0,47.789463714805876,16.0201669246095,36.19036936058458,436.15070294076173,1459.527201046524,1110,3,0
bajo,8,12,391,0,391,103.76594223975776,2084.0844853361314,3563.3289332039935,0.0,5203.224093353776,1974.032338132876,4342.743568513348,5.330139348685758,0.2653860415339073,0.0,45.16687581036264,17.13569737962566,37.6974268100117,445.4161166504992,1459.0379207237702,1173,4,0
bajo,8,13,401,0,401,65.20224827794586,2055.444545230619,3735.8113711701767,0.0,5405.014713337079,1966.6093814639944,4148.375905198922,5.1257968708993,0.16259912288764553,0.0,46.918530497717704,17.07126199187495,36.010207510407305,466.9764213962721,1456.3449871265407,1203,5,0
bajo,8,14,408,0,408,35.866624546380365,2074.2699128153527,3777.584369742598,0.0,5055.764934583365,2027.5342984139843,4436.70076700264,5.0839948843513545,0.0879083934960303,0.0,43.8868483904806,17.600124118176947,38.513027491342356,472.19804621782475,1464.2850429531643,1224,3,0
bajo,8,15,424,1,423,92.69194486656195,2126.285519352524,3968.498523623986,8.096510890490215,5119.286969687491,2033.5935744859612,4367.119455826557,5.02667971478138,0.2191298933015649,0.2358490566037736,44.43825494520392,17.65272200074619,37.909023054049975,496.06231545299823,1466.932092553028,1270,5,0
bajo,8,16,418,0,418,127.38160052143178,2231.6091257567577,3928.0054888597942,0.0,4897.854283383191,2100.2641712703285,4521.881545346483,5.33877781281521,0.3047406711039038,0.0,42.51609620992353,18.231459820054933,39.25244397002155,491.0006861074743,1456.0841423462723,1254,4,0
bajo,8,17,401,0,401,65.17725617270118,2035.0656614996344,3791.385414091509,0.0,5316.549084204951,1969.8884053269321,4233.562510468128,5.074976711969163,0.1625367984356638,0.0,46.15059968927909,17.099725740685173,36.74967457003583,473.92317676143864,1451.3281977003194,1203,3,0
bajo,8,18,404,0,404,80.71307324218685,2047.6996337020173,3803.307210778241,0.0,5251.324902879507,1950.8207887688743,4317.85430835162,5.068563449757469,0.19978483475788825,0.0,45.58441755971794,16.934208235840924,37.481374204441146,475.4134013472801,1460.752253424355,1212,4,0
bajo,8,19,415,2,413,284.89021428844484,2372.8022144649703,3847.8367453120154,19.1061083489506,4966.251579376513,2082.648615531997,4471.099805091485,5.7452838122638505,0.6898068142577357,0.48192771084337355,43.10982273764334,18.078547009826366,38.81163025253025,480.9795931640019,1465.7945620938756,1241,5,0
bajo,8,20,375,0,375,66.29516398394139,1971.9827254263325,3466.1260124451615,0.0,5561.84440627135,1905.6875614423925,4052.4680322862596,5.258620601136887,0.17678710395717706,0.0,48.27989935999435,16.54242674863188,35.17767389137378,433.2657515556452,1454.7075822663262,1125,4,0
bajo,8,21,374,2,372,117.07503342042467,1932.5326039510164,3488.0667779134983,13.003853089458092,5785.73921782335,1808.7038551264768,3925.556927050174,5.194980118147893,0.31471783177533513,0.53475935828877,50.22343071027214,15.700554297972888,34.07601499175498,436.0083472391873,1463.4937031837615,1118,5,0
bajo,8,22,403,0,403,101.36625928985336,2121.6887988160447,3784.0141639910735,0.0,5270.872832827652,2014.1579118988943,4234.969255273436,5.264736473488945,0.25152917937928876,0.0,45.754104451628926,17.484009651900124,36.761885896470794,473.0017704988842,1455.957590671009,1209,5,0
bajo,8,23,418,0,418,177.55292709520984,2249.383235432326,3914.617645018016,0.0,4700.906131855431,2071.8303083371175,4747.26355980745,5.38129960629743,0.42476776817035844,0.0,40.80647683902284,17.984638093204143,41.208885067773004,489.327205627252,1450.8740366010763,1254,5,0
bajo,8,24,377,0,377,74.71732689655762,1955.477070254664,3489.966745905974,0.0,5649.721435569871,1868.6980263184266,4001.5805381117043,5.186941830914228,0.19818919601208917,0.0,49.04272079487735,16.22133703401412,34.73594217110855,436.2458432382468,1459.141201266092,1131,4,0
bajo,8,25,390,0,390,92.38370701852523,2078.962053390541,3593.7300800856106,0.0,5216.0070893194425,1982.3042962705138,4321.688614410049,5.330671931770618,0.23688130004750058,0.0,45.27783931700905,17.207502571792656,37.514658111198344,449.2162600107013,1463.8304264309081,1170,4,0
bajo,8,26,386,0,386,35.30143601389662,1941.213933197669,3597.0869938013225,0.0,5494.444659170251,1904.2750727643838,4121.2802680653585,5.029051640408468,0.09145449744532803,0.0,47.69483211085287,16.53016556219083,35.77500232695624,449.6358742251653,1453.5590183550482,1158,3,0
bajo,8,27,389,0,389,118.61315081506206,2058.085137833338,3579.9912244280013,0.0,5388.122125561843,1939.4719870182753,4192.4058874198845,5.290707295201384,0.30491812548859143,0.0,46.771893451057664,16.835694331755864,36.3924122171865,447.49890305350016,1452.4657053119747,1167,4,0
bajo,8,28,408,0,408,61.46013698654207,2170.777865774283,3755.3976301254074,0.0,5180.533779031328,2097.3346711845256,4242.1315497841515,5.320533984740889,0.15063759065328938,0.0,44.96991127631361,18.20603013181012,36.824058591876316,469.42470376567593,1451.5115887988065,1224,5,0
bajo,8,29,429,2,427,115.55129488763126,2290.110519934836,3977.1862543651414,25.811608321807633,4910.732657174283,2165.948936610278,4443.31840621544,5.363256486966828,0.2706119318211505,0.4662004662004662,42.62788764908232,18.801640074741997,38.57047227617569,497.1482817956427,1461.9691403299257,1283,5,0
bajo,9,0,429,0,429,50.572126827888766,2185.060736359594,3864.7667311515675,0.0,6120.849190428543,2133.754024630004,4705.396784941459,5.093381669835884,0.11788374551955423,0.0,47.228774617504186,16.46415142461423,36.30707395788163,429.4185256835075,1455.392313002222,1287,3,0
bajo,9,1,409,0,409,23.15548896350947,2110.4584593430864,3824.9013559205614,0.0,6446.095272642317,2086.2474052777843,4427.657322079904,5.160045132868182,0.056614887441343444,0.0,49.738389449400586,16.097588003686607,34.16402254691284,424.98903954672903,1456.5653878168614,1227,3,0
bajo,9,2,399,0,399,8.625471920770451,1974.7058512966544,3681.4312387861396,0.0,6797.115272671883,1966.0803793758826,4196.804347952222,4.949137471921439,0.021617724112206645,0.0,52.44687710394972,15.170373297653414,32.38274959839678,409.04791542068216,1448.8805911829656,1197,2,0
bajo,9,3,370,0,370,12.436713257209476,1852.736232708374,3455.820438424534,0.0,7119.056562179743,1835.3972106874598,4005.5462271327942,5.007395223536146,0.033612738532998586,0.0,54.93099199212765,14.162015514563734,30.9069924933086,383.9800487138371,1448.2076331846074,1110,1,0
bajo,9,4,411,0,411,43.61060423382395,2105.222246868184,3777.9893852210866,0.0,6389.776684159634,2061.0943808396783,4509.128935000689,5.122195247854462,0.10610852611635997,0.0,49.303832439503346,15.903506024997519,34.79266153549914,419.77659835789854,1453.0859505331634,1233,3,0
bajo,9,5,396,0,396,32.3793490327462,2018.8546300383157,3679.2158787593457,0.0,6579.925920482698,1981.7818917765494,4398.292187740759,5.098117752622009,0.08176603291097524,0.0,50.771033337057844,15.291526942720287,33.93743972022191,408.80176430659395,1460.8172131556987,1188,3,0
bajo,9,6,399,0,399,35.511133190493794,1996.467817940623,3699.0152780742437,0.0,6792.369097322054,1954.661233843444,4212.9696688345075,5.003678741705822,0.08900033381076139,0.0,52.4102553805714,15.082262606816698,32.50748201261194,411.00169756380484,1452.501543571092,1197,3,0
bajo,9,7,417,0,417,50.837901619229854,2118.536597438422,3923.120135824636,0.0,6299.833286455252,2058.4040682464865,4601.762645298259,5.080423495056168,0.12191343313963994,0.0,48.60982474116707,15.882747440173507,35.5074278186594,435.90223731384845,1455.2339054402214,1251,3,0
bajo,9,8,417,0,417,74.18319534467281,2179.4271535885227,3913.68787957839,0.0,6219.573425708703,2105.243958243851,4635.182616047444,5.226444013401733,0.1778973509464576,0.0,47.99053569219679,16.24416634447416,35.76529796332904,434.85420884204336,1452.928795643666,1251,4,0
bajo,9,9,410,0,410,20.712643633831135,2095.0032697047536,3811.91459925922,0.0,6308.251764487311,2066.1913963084717,4585.5568392042205,5.109764072450618,0.05051864300934423,0.0,48.67478213338975,15.942834848059196,35.38238301855108,423.54606658435773,1462.0906657208375,1230,3,0
bajo,9,10,399,0,399,16.96149107807696,2019.2825144203266,3747.6236552165897,0.0,6757.897524089236,2001.3988532337135,4200.703622677049,5.060858432131145,0.04251000270194727,0.0,52.14427101920707,15.442892386062605,32.412836594730315,416.40262835739884,1460.169502095221,1197,2,0
bajo,9,11,370,0,370,24.208509642411855,1872.9782276832232,3489.205623526094,0.0,6945.346219945636,1845.523229715015,4169.130550339344,5.062103318062765,0.06542840443895095,0.0,53.59063441316078,14.240148377430673,32.169217209408515,387.6895137251215,1459.527201046524,1110,2,0
bajo,9,12,391,0,391,35.447686914811186,2015.766230011184,3563.3289332039935,0.0,6643.2240933537705,1974.0323381328756,4342.743568513348,5.15541235296978,0.09065904581793142,0.0,51.259445164766746,15.231731004111696,33.50882383112151,395.92543702266596,1459.0379207237702,1173,3,0
bajo,9,13,401,0,401,25.000879203658386,2015.243176156332,3735.8113711701762,0.0,6845.01471333708,1966.6093814639935,4148.3759051989255,5.025544080190354,0.06234633217869921,0.0,52.81647155352685,15.174455103888839,32.0090733425843,415.09015235224183,1456.3449871265407,1203,4,0
bajo,9,14,408,0,408,8.378094576615581,2046.7813828455883,3777.584369742598,0.0,6495.764934583376,2027.5342984139843,4436.700767002641,5.016621036386246,0.02053454553092054,0.0,50.12164301376062,15.644554771712842,34.233802214526555,419.73159663806643,1464.2850429531643,1224,2,0
bajo,9,15,424,0,424,41.65131673221535,2079.374046304205,3976.595034514476,0.0,6544.98388683263,2037.7227295719908,4377.293383595387,4.904184071472182,0.0982342375759796,0.0,50.5014188798814,15.723169209660423,33.77541191045824,441.84389272383066,1466.932092553028,1272,5,0
bajo,9,16,418,0,418,46.86835665156278,2151.0958818868885,3928.0054888597942,0.0,6337.854283383198,2100.2641712703285,4521.8815453464795,5.146162396858585,0.11212525514727938,0.0,48.903196631043194,16.205742062271053,34.8910613066858,436.4450543177549,1456.0841423462723,1254,3,0
bajo,9,17,401,0,401,6.189770290343965,1976.0781756172773,3791.385414091509,0.0,6756.549084204941,1969.8884053269321,4233.562510468128,4.92787574966902,0.01543583613552111,0.0,52.13386639047023,15.199756213942377,32.6663773955874,421.2650460101677,1451.3281977003194,1203,2,0
bajo,9,18,404,0,404,27.813820415337446,1994.8003808751673,3803.307210778241,0.0,6691.324902879499,1950.8207887688739,4317.8543083516215,4.937624705136553,0.06884609013697388,0.0,51.63059338641589,15.052629542969706,33.316777070614364,422.5896900864712,1460.752253424355,1212,3,0
bajo,9,19,415,0,415,152.69572108192824,2250.2731599020435,3866.9428536609657,0.0,6371.41264475505,2092.3140541755856,4496.27330106936,5.422344963619382,0.3679414965829596,0.0,49.16213460459144,16.14439856616964,34.693466829238886,429.66031707344064,1465.7945620938756,1245,5,0
bajo,9,20,375,0,375,18.4871904111196,1924.1747518535103,3466.1260124451615,0.0,7001.844406271346,1905.6875614423925,4052.4680322862587,5.131132671609361,0.049299174429652266,0.0,54.02657720888384,14.704379332117226,31.269043458998908,385.12511249390684,1454.7075822663262,1125,2,0
bajo,9,21,374,1,373,56.24662637484184,1875.3737229802393,3494.351867844949,6.71876315800757,7208.915768881684,1812.3733812012833,3938.710849917036,5.027811589759355,0.15079524497276633,0.267379679144385,55.62435006853151,13.984362509269161,30.391287422199348,388.2613186494388,1463.4937031837615,1120,5,0
bajo,9,22,403,0,403,56.61577799157834,2076.9383175177695,3784.0141639910735,0.0,6710.872832827663,2014.1579118988943,4234.969255273436,5.153693095577592,0.14048580146793632,0.0,51.7814261792258,15.54134191280011,32.67723190797404,420.44601822123036,1455.957590671009,1209,4,0
bajo,9,23,418,0,418,61.00243974591503,2132.832748083032,3914.617645018016,0.0,6140.906131855424,2071.8303083371184,4747.263559807452,5.102470689193857,0.14593885106678237,0.0,47.38353496802025,15.986344971737024,36.63012006024269,434.9575161131129,1450.8740366010763,1254,4,0
bajo,9,24,377,0,377,26.927012978813423,1907.6867563369196,3489.966745905974,0.0,7089.721435569874,1868.6980263184257,4001.5805381117025,5.060177072511723,0.07142443760958468,0.0,54.70464070655767,14.418966252456988,30.876393040985356,387.77408287844156,1459.141201266092,1131,3,0
bajo,9,25,390,0,390,30.402814183267992,2016.981160555284,3593.7300800856106,0.0,6656.007089319437,1982.3042962705142,4321.688614410045,5.1717465655263695,0.07795593380325126,0.0,51.3580793928969,15.295557841593475,33.34636276550961,399.3033422317345,1463.8304264309081,1170,3,0
bajo,9,26,386,0,386,5.627412179646683,1911.5399093634194,3597.0869938013225,0.0,6934.444659170246,1904.2750727643843,4121.280268065364,4.952175930993315,0.014578788030172754,0.0,53.506517431869185,14.693480499725187,31.800002068405586,399.6763326445914,1453.5590183550482,1158,2,0
bajo,9,27,389,0,389,40.696077272655316,1980.1680642909323,3579.9912244280013,0.0,6828.122125561844,1939.4719870182753,4192.4058874198845,5.090406334938129,0.104617165225335,0.0,52.686127512051264,14.965061628227433,32.34881085972133,397.77680271422236,1452.4657053119747,1167,3,0
bajo,9,28,408,0,408,26.981155107360507,2136.2988838951005,3755.3976301254074,0.0,6620.5337790313315,2097.3346711845247,4242.1315497841515,5.2360266762134815,0.0661302821258836,0.0,51.08436557894546,16.18313789494232,32.73249652611228,417.2664033472675,1451.5115887988065,1224,4,0
bajo,9,29,429,0,429,62.806720507999216,2246.009778300683,4002.9978626869492,0.0,6320.983100390168,2174.592769355756,4464.424130254081,5.235454028672921,0.14640261190675807,0.0,48.773017749924136,16.779265195646264,34.44771705442964,444.7775402985499,1461.9691403299257,1287,5,0
bajo,10,0,429,0,429,14.256738306182456,2148.745347837888,3864.7667311515675,0.0,7560.849190428542,2133.754024630004,4705.396784941461,5.008730414540532,0.03323249022420153,0.0,52.505897155753765,14.817736282152808,32.67636656209348,386.47667311515676,1455.392313002222,1287,2,0
bajo,10,1,409,0,409,4.8004381210714655,2092.1034085006477,3824.9013559205614,0.0,7886.095272642321,2086.2474052777843,4427.6573220799055,5.115167257947794,0.011737012520957128,0.0,54.764550504460566,14.487829203317947,30.747620292221566,382.49013559205616,1456.5653878168614,1227,2,0
bajo,10,2,399,0,399,1.3052116591234153,1967.3855910350073,3681.4312387861396,0.0,8237.11527267188,1966.0803793758826,4196.804347952222,4.930790954974956,0.0032712071657228455,0.0,57.20218939355471,13.653335967888072,29.1444746385571,368.14312387861395,1448.8805911829656,1197,1,0
bajo,10,3,370,0,370,0.0,1840.2995194511643,3455.820438424534,0.0,8559.05656217974,1835.3972106874608,4005.5462271327924,4.973782485003147,0.0,0.0,59.43789279291486,12.745813963107366,27.816293243977725,345.5820438424534,1448.2076331846074,1110,0,0
bajo,10,4,411,0,411,14.632035465567242,2076.243678099926,3777.9893852210866,0.0,7829.77668415965,2061.094380839679,4509.128935000687,5.051687781265027,0.035601059526927596,0.0,54.37344919555313,14.313155422497772,31.313395381949217,377.79893852210864,1453.0859505331634,1233,2,0
bajo,10,5,396,0,396,15.606414300355496,2002.0816953059255,3679.2158787593457,0.0,8019.925920482701,1981.7818917765494,4398.292187740757,5.055761856833145,0.03941013712210984,0.0,55.69393000335209,13.762374248448259,30.5436957481997,367.92158787593456,1460.8172131556987,1188,2,0
bajo,10,6,399,0,399,9.889290310754006,1970.8459750608845,3699.0152780742437,0.0,8232.36909732205,1954.6612338434445,4212.969668834506,4.9394635966438205,0.024785188748756907,0.0,57.169229842514234,13.574036346135031,29.25673381135073,369.9015278074244,1452.501543571092,1197,2,0
bajo,10,7,417,0,417,19.43770756341914,2087.136403382611,3923.120135824636,0.0,7739.833286455266,2058.4040682464865,4601.76264529826,5.005123269502665,0.046613207586137025,0.0,53.748842267050456,14.294472696156157,31.956685036793473,392.3120135824636,1455.2339054402214,1251,2,0
bajo,10,8,417,0,417,27.914673226886862,2133.1586314707374,3913.68787957839,0.0,7659.573425708695,2105.243958243852,4635.182616047439,5.115488324869874,0.06694166241459679,0.0,53.19148212297705,14.619749710026749,32.188768166996105,391.368787957839,1452.928795643666,1251,3,0
bajo,10,9,410,0,410,8.934448500356211,2083.225074571279,3811.91459925922,0.0,7748.251764487319,2066.1913963084717,4585.5568392042205,5.0810367672470225,0.021791337805746856,0.0,53.80730392005082,14.348551363253275,31.844144716695975,381.191459925922,1462.0906657208375,1230,2,0
bajo,10,10,399,0,399,1.8139049492552886,2004.1349282915048,3747.6236552165897,0.0,8197.897524089236,2001.3988532337135,4200.703622677049,5.022894557121566,0.004546127692369144,0.0,56.92984391728636,13.898603147456342,29.17155293525728,374.762365521659,1460.169502095221,1197,1,0
bajo,10,11,370,0,370,5.882940373908411,1854.65265841472,3489.205623526094,0.0,8385.346219945632,1845.523229715015,4169.130550339346,5.012574752472216,0.015899838848401113,0.0,58.23157097184466,12.816133539687605,28.952295488467684,348.9205623526094,1459.527201046524,1110,1,0
bajo,10,12,391,0,391,8.701263956971829,1989.019807053345,3563.3289332039935,0.0,8083.224093353791,1974.032338132876,4342.743568513348,5.087007179164565,0.022253872012715673,0.0,56.133500648290216,13.708557903700527,30.15794144800936,356.33289332039936,1459.0379207237702,1173,2,0
bajo,10,13,401,0,401,13.295286434526375,2003.5375833872,3735.8113711701762,0.0,8285.014713337074,1966.609381463994,4148.3759051989255,4.996353075778553,0.03315532776689869,0.0,57.53482439817412,13.657009593499957,28.80816600832587,373.58113711701765,1456.3449871265407,1203,3,0
bajo,10,14,408,0,408,1.2807931693928367,2039.6840814383654,3777.584369742598,0.0,7935.764934583374,2027.5342984139843,4436.700767002641,4.999225689799915,0.003139198944590286,0.0,55.10947871238454,14.080099294541556,30.8104219930739,377.7584369742598,1464.2850429531643,1224,1,0
bajo,10,15,424,0,424,18.133170077867305,2055.8558996498577,3976.595034514476,0.0,7984.983886832633,2037.7227295719904,4377.293383595389,4.848716744457212,0.042766910561007794,0.0,55.45127699189328,14.150852288694377,30.397870719412424,397.6595034514476,1466.932092553028,1272,3,0
bajo,10,16,418,0,418,17.71294275122395,2121.94046798655,3928.0054888597942,0.0,7777.854283383194,2100.2641712703285,4521.8815453464795,5.076412602838637,0.04237546112733002,0.0,54.01287696793885,14.585167856043949,31.40195517601722,392.8005488859794,1456.0841423462723,1254,2,0
bajo,10,17,401,0,401,2.159071980610122,1972.0474773075434,3791.385414091509,0.0,8196.54908420493,1969.8884053269321,4233.562510468128,4.917824132936517,0.005384219403017761,0.0,56.92047975142312,13.679780592548141,29.39973965602866,379.1385414091509,1451.3281977003194,1203,1,0
bajo,10,18,404,0,404,9.209741099260896,1976.1963015590907,3803.307210778241,0.0,8131.324902879501,1950.8207887688739,4317.85430835162,4.891575003859136,0.022796388859556673,0.0,56.467534047774315,13.547366588672736,29.985099363552912,380.3307210778241,1460.752253424355,1212,2,0
bajo,10,19,415,0,415,75.38397447528928,2172.961413295404,3866.9428536609657,0.0,7811.412644755045,2092.3140541755865,4496.27330106936,5.236051598302178,0.1816481312657573,0.0,54.24592114413226,14.529958709552684,31.224120146315,386.69428536609655,1465.7945620938756,1245,4,0
bajo,10,20,375,0,375,2.0495169874625674,1907.7370784298535,3466.1260124451615,0.0,8441.844406271357,1905.6875614423925,4052.4680322862596,5.087298875812943,0.005465378633233513,0.0,58.623919487995536,13.233941398905502,28.142139113099024,346.61260124451616,1454.7075822663262,1125,1,0
bajo,10,21,374,0,374,31.689653718379006,1858.9337624651785,3501.0706310029564,0.0,8630.869265537374,1820.4903933426858,3948.6403411199294,4.970411129586038,0.08473169443416846,0.0,59.93659212178733,12.642294398213098,27.42111347999951,350.10706310029565,1463.4937031837615,1122,5,0
bajo,10,22,403,0,403,28.61374148436329,2048.9362810105545,3784.0141639910735,0.0,8150.872832827665,2014.1579118988948,4234.969255273436,5.0842091340212265,0.07100183991157144,0.0,56.60328356130323,13.987207721520104,29.409508717176635,378.40141639910735,1455.957590671009,1209,3,0
bajo,10,23,418,0,418,16.682830789713137,2088.5131391268305,3914.617645018016,0.0,7580.906131855428,2071.8303083371184,4747.263559807452,4.996442916571365,0.0399110784442898,0.0,52.64518147121825,14.387710474563322,32.96710805421842,391.4617645018016,1450.8740366010763,1254,3,0
bajo,10,24,377,0,377,7.622863296264882,1888.3826066543706,3489.966745905974,0.0,8529.72143556987,1868.6980263184262,4001.5805381117025,5.008972431443954,0.020219796541816663,0.0,59.23417663590188,12.977069627211293,27.78875373688682,348.9966745905974,1459.141201266092,1131,2,0
bajo,10,25,390,0,390,9.363149254769837,1995.9414956267854,3593.7300800856106,0.0,8096.0070893194425,1982.3042962705151,4321.688614410045,5.117798706735347,0.024008075012230352,0.0,56.22227145360724,13.766002057434132,30.01172648895865,359.37300800856104,1463.8304264309081,1170,2,0
bajo,10,26,386,0,386,1.4489094872097894,1907.3614066709827,3597.0869938013225,0.0,8374.444659170244,1904.2750727643847,4121.280268065364,4.941350794484411,0.0037536515212688846,0.0,58.155865688682255,13.224132449752672,28.620001861565026,359.70869938013226,1453.5590183550482,1158,1,0
bajo,10,27,389,0,389,6.381070878681271,1945.853057896958,3579.9912244280013,0.0,8268.12212556183,1939.4719870182753,4192.405887419883,5.002192950891923,0.01640378117912923,0.0,57.41751476084603,13.46855546540469,29.113929773749188,357.9991224428001,1452.4657053119747,1167,2,0
bajo,10,28,408,0,408,12.581047268438283,2121.8987760561786,3755.3976301254074,0.0,8060.533779031315,2097.3346711845247,4242.1315497841515,5.20073229425534,0.03083590016774089,0.0,55.975929021050796,14.564824105448087,29.459246873501055,375.53976301254073,1451.5115887988065,1224,3,0
bajo,10,29,429,0,429,32.12968043964702,2215.3327382323296,4002.9978626869492,0.0,7760.983100390168,2174.592769355756,4464.4241302540795,5.163945776765337,0.07489435999917719,0.0,53.895715974931726,15.101338676081639,31.002945348986664,400.2997862686949,1461.9691403299257,1287,4,0
bajo,11,0,429,0,429,2.495199122907138,2136.983808654613,3864.7667311515675,0.0,9000.849190428537,2133.754024630004,4705.396784941459,4.9813142392881415,0.005816314971811511,0.0,56.82354286886703,13.470669347411643,29.705787783721334,351.34243010468793,1455.392313002222,1287,1,0
bajo,11,1,409,0,409,0.21147024789308944,2087.5144406274694,3824.9013559205614,0.0,9326.095272642306,2086.247405277785,4427.6573220799055,5.103947287597725,0.0005170421708877493,0.0,58.876864094964056,13.170753821198138,27.952382083837783,347.7183050836874,1456.5653878168614,1227,1,0
bajo,11,2,399,0,399,0.0,1966.080379375884,3681.4312387861396,0.0,9677.115272671888,1966.0803793758826,4196.804347952222,4.9275197478092325,0.0,0.0,61.09289944868617,12.412123607170976,26.494976944142817,334.67556716237635,1448.8805911829656,1197,0,0
bajo,11,3,370,0,370,0.0,1840.2995194511643,3455.820438424534,0.0,9999.056562179743,1835.3972106874608,4005.5462271327924,4.973782485003147,0.0,0.0,63.12535708446808,11.587103602824879,25.287539312707025,314.16549440223037,1448.2076331846074,1110,0,0
bajo,11,4,411,0,411,1.3438638687948696,2062.9555065031545,3777.9893852210866,0.0,9269.776684159642,2061.094380839679,4509.128935000689,5.019356463511325,0.003269741773223527,0.0,58.5213174505028,13.011959474997974,28.4667230744993,343.45358047464424,1453.0859505331634,1233,1,0
bajo,11,5,396,0,396,3.6473543309000434,1990.1226353364698,3679.2158787593457,0.0,9459.925920482709,1981.7818917765494,4398.292187740757,5.025562210445631,0.00921049073459607,0.0,59.72175454850195,12.511249316771146,27.766996134727002,334.4741707963042,1460.8172131556987,1188,1,0
bajo,11,6,399,0,399,0.8761858035721275,1961.832870553702,3699.0152780742437,0.0,9672.369097322055,1954.661233843444,4212.969668834506,4.916874362289979,0.002195954394917613,0.0,61.06293622046751,12.340033041940934,26.597030737591577,336.27411618856763,1452.501543571092,1197,1,0
bajo,11,7,417,0,417,4.828097712545855,2072.526793531738,3923.120135824636,0.0,9179.833286455261,2058.4040682464865,4601.762645298259,4.97008823388906,0.011578171972532025,0.0,57.953492970045836,12.994975178323779,29.05153185163042,356.6472850749669,1455.2339054402214,1251,1,0
bajo,11,8,417,0,417,7.896860447235213,2113.1408186910867,3913.68787957839,0.0,9099.573425708704,2105.243958243852,4635.182616047441,5.067483977676467,0.01893731522118756,0.0,57.446801929979195,13.290681554569773,29.262516515451015,355.7898072343991,1452.928795643666,1251,2,0
bajo,11,9,410,0,410,2.848766644248144,2077.139392715171,3811.91459925922,0.0,9188.251764487304,2066.1913963084717,4585.5568392042205,5.06619364076871,0.006948211327434498,0.0,58.00663992731884,13.044137602957523,28.949222469723612,346.53769084174724,1462.0906657208375,1230,1,0
bajo,11,10,399,0,399,0.0,2002.32102334225,3747.6236552165897,0.0,9637.89752408924,2001.398853233713,4200.703622677049,5.0183484294291985,0.0,0.0,60.84531265207853,12.635093770414855,26.519593577506622,340.6930595651445,1460.169502095221,1197,0,0
bajo,11,11,370,0,370,0.0,1848.7697180408118,3489.205623526094,0.0,9825.346219945623,1845.523229715015,4169.130550339346,4.996674913623815,0.0,0.0,62.02870088349509,11.651030490625097,26.320268625879713,317.2005112296449,1459.527201046524,1110,0,0
bajo,11,12,391,0,391,0.9665889349734869,1981.2851320313464,3563.3289332039935,0.0,9523.224093353789,1974.032338132876,4342.743568513348,5.067225401614697,0.0024720944628477924,0.0,60.12136422571837,12.46232536700048,27.416310407281237,323.93899392763575,1459.0379207237702,1173,1,0
bajo,11,13,401,0,401,5.968557444528372,1996.2108543972022,3735.8113711701762,0.0,9725.014713337076,1966.609381463994,4148.3759051989255,4.978081931165093,0.014884183153437336,0.0,61.39529490743103,12.415463266818143,26.18924182575079,339.6192155609251,1456.3449871265407,1203,2,0
bajo,11,14,408,0,408,0.0,2038.4032882689726,3777.584369742598,0.0,9375.764934583367,2027.5342984139843,4436.700767002641,4.996086490855325,0.0,0.0,59.19043519307681,12.800090267765052,28.00947453915809,343.41676088569073,1464.2850429531643,1224,0,0
bajo,11,15,424,0,424,6.013739235226183,2043.736468807216,3976.595034514476,0.0,9424.983886832624,2037.7227295719904,4377.293383595387,4.820133181149094,0.01418334725289194,0.0,59.501160901721114,12.864411171540343,27.63442792673856,361.508639501316,1466.932092553028,1272,2,0
bajo,11,16,418,0,418,3.312215646849154,2107.5397408821764,3928.0054888597942,0.0,9217.854283383185,2100.2641712703285,4521.8815453464795,5.041961102588939,0.007923960877629555,0.0,58.193524516307995,13.259243505494497,28.547231978197473,357.0914080781631,1456.0841423462723,1254,1,0
bajo,11,17,401,0,401,0.0,1969.888405326933,3791.385414091509,0.0,9636.549084204955,1969.8884053269321,4233.562510468129,4.912439913533499,0.0,0.0,60.83679977402118,12.436164175043764,26.727036050935162,344.67140128104626,1451.3281977003194,1203,0,0
bajo,11,18,404,0,404,0.14503286929738124,1967.1315933291273,3803.307210778241,0.0,9571.324902879489,1950.8207887688734,4317.85430835162,4.869137607250315,0.0003589922507360922,0.0,60.42503095252203,12.315787807884302,27.25918123959356,345.7552009798401,1460.752253424355,1212,1,0
bajo,11,19,415,0,415,37.952772109497005,2135.5302109296117,3866.9428536609657,0.0,9251.412644755032,2092.3140541755856,4496.273301069362,5.145855929950872,0.09145246291445061,0.0,58.40538285830197,13.209053372320618,28.385563769377285,351.54025942372414,1465.7945620938756,1245,3,0
bajo,11,20,375,0,375,0.0,1905.687561442391,3466.1260124451615,0.0,9881.844406271344,1905.6875614423925,4052.4680322862596,5.0818334971797094,0.0,0.0,62.38538135272314,12.03085581718682,25.583762830090023,315.10236476774196,1454.7075822663262,1125,0,0
bajo,11,21,374,0,374,20.313247404894696,1847.5573561516944,3501.0706310029564,0.0,10070.869265537376,1820.4903933426858,3948.6403411199303,4.939992930886883,0.054313495735012554,0.0,63.57872011071576,11.492994907466452,24.928284981817743,318.27914827299605,1463.4937031837615,1122,4,0
bajo,11,22,403,0,403,13.628227605460324,2033.950767131652,3784.0141639910735,0.0,9590.872832827668,2014.1579118988948,4234.969255273436,5.047024236058689,0.033816941949033064,0.0,60.548439601184775,12.715643383200092,26.735917015615122,344.00128763555216,1455.957590671009,1209,2,0
bajo,11,23,418,0,418,1.9205858573609476,2073.750894194478,3914.617645018016,0.0,9020.90613185543,2071.8303083371184,4747.263559807454,4.961126541135115,0.004594703008040544,0.0,56.95016497383478,13.079736795057565,29.970098231107663,355.8743313652742,1450.8740366010763,1254,2,0
bajo,11,24,377,0,377,0.027121933690864353,1880.7868652917966,3489.966745905974,0.0,9969.721435569856,1868.6980263184266,4001.5805381117025,4.9888245763708134,7.194146867603276e-05,0.0,62.94016057809253,11.797336024737543,25.262503397169837,317.2697041732704,1459.141201266092,1131,1,0
bajo,11,25,390,0,390,2.2013642805158042,1988.7797106525315,3593.7300800856106,0.0,9536.007089319426,1982.3042962705151,4321.688614410042,5.099435155519312,0.00564452379619437,0.0,60.20206495782466,12.51454732494012,27.283387717235115,326.70273455323735,1463.8304264309081,1170,1,0
bajo,11,26,386,0,386,0.0,1905.912497183773,3597.0869938013225,0.0,9814.444659170258,1904.2750727643847,4121.280268065364,4.937597142963142,0.0,0.0,61.95987789880213,12.021938590684247,26.01818351051366,327.00790852739294,1453.5590183550482,1158,0,0
bajo,11,27,389,0,389,0.2638482174914998,1939.7358352357683,3579.9912244280013,0.0,9708.122125561831,1939.4719870182753,4192.405887419883,4.986467442765471,0.0006782730526773773,0.0,61.28864978258731,12.244141332186082,26.467208885226533,325.45374767527284,1452.4657053119747,1167,1,0
bajo,11,28,408,0,408,4.123425444005534,2113.4411542317457,3755.3976301254074,0.0,9500.533779031324,2097.3346711845247,4242.13154978415,5.180002828999377,0.010106434911778268,0.0,59.97811729186442,13.240749186770989,26.78113352136458,341.3997845568552,1451.5115887988065,1224,2,0
bajo,11,29,429,0,429,21.416317268934563,2204.6193750616176,4002.9978626869492,0.0,9200.98310039015,2174.592769355756,4464.424130254078,5.138972902241533,0.049921485475371945,0.0,58.08701452266509,13.728489705528762,28.184495771806045,363.90889660790447,1461.9691403299257,1287,3,0
bajo,12,0,429,0,429,0.0,2134.4886095317056,3864.7667311515675,0.0,10440.849190428535,2133.754024630004,4705.396784941459,4.97549792431633,0.0,0.0,60.42158096312809,12.348113568460672,27.230305468411224,322.06389426263064,1455.392313002222,1287,0,0
bajo,12,1,409,0,409,0.0,2087.3029703795764,3824.9013559205614,0.0,10766.095272642327,2086.247405277785,4427.6573220799055,5.103430245426837,0.0,0.0,62.3037920870505,12.073191002764961,25.62301691018464,318.7417796600468,1456.5653878168614,1227,0,0
bajo,12,2,399,0,399,0.0,1966.080379375884,3681.4312387861396,0.0,11117.115272671892,1966.0803793758826,4196.804347952222,4.9275197478092325,0.0,0.0,64.33515782796235,11.377779973240061,24.28706219879758,306.78593656551163,1448.8805911829656,1197,0,0
bajo,12,3,370,0,370,0.0,1840.2995194511643,3455.820438424534,0.0,11439.056562179743,1835.3972106874608,4005.5462271327924,4.973782485003147,0.0,0.0,66.19824399409573,10.621511635922804,23.180244369981438,287.98503653537784,1448.2076331846074,1110,0,0
bajo,12,4,411,0,411,0.0,2061.6116426343597,3777.9893852210866,0.0,10709.77668415964,2061.094380839679,4509.128935000689,5.016086721738102,0.0,0.0,61.97787432962755,11.927629518748144,26.09449615162436,314.8324487684239,1453.0859505331634,1233,0,0
bajo,12,5,396,0,396,0.0,1986.4752810055695,3679.2158787593457,0.0,10899.925920482707,1981.7818917765494,4398.292187740757,5.016351719711034,0.0,0.0,63.07827500279344,11.468645207040217,25.453079790166417,306.6013232299455,1460.8172131556987,1188,0,0
bajo,12,6,399,0,399,0.0,1960.95668475013,3699.0152780742437,0.0,11112.36909732207,1954.6612338434436,4212.969668834506,4.914678407895063,0.0,0.0,64.30769153542865,11.311696955112522,24.380611509458944,308.25127317285364,1452.501543571092,1197,0,0
bajo,12,7,417,0,417,0.0,2067.698695819192,3923.120135824636,0.0,10619.833286455245,2058.4040682464865,4601.762645298259,4.958510061916527,0.0,0.0,61.457368555875256,11.912060580130131,26.630570863994553,326.92667798538633,1455.2339054402214,1251,0,0
bajo,12,8,417,0,417,1.471223753304912,2106.715181997156,3913.68787957839,0.0,10539.573425708699,2105.243958243852,4635.182616047443,5.052074776971597,0.0035281145163187336,0.0,60.992901769147565,12.183124758355625,26.823973472496775,326.1406566315325,1452.928795643666,1251,1,0
bajo,12,9,410,0,410,0.0,2074.2906260709224,3811.91459925922,0.0,10628.251764487302,2066.1913963084717,4585.5568392042205,5.059245429441274,0.0,0.0,61.50608660004225,11.957126136044396,26.536787263913315,317.6595499382683,1462.0906657208375,1230,0,0
bajo,12,10,399,0,399,0.0,2002.32102334225,3747.6236552165897,0.0,11077.897524089245,2001.398853233713,4200.703622677049,5.0183484294291985,0.0,0.0,64.10820326440535,11.58216928954695,24.309627446047735,312.30197126804916,1460.169502095221,1197,0,0
bajo,12,11,370,0,370,0.0,1848.7697180408118,3489.205623526094,0.0,11265.346219945648,1845.523229715015,4169.130550339346,4.996674913623815,0.0,0.0,65.19297580987065,10.680111283073005,24.1269129070564,290.76713529384114,1459.527201046524,1110,0,0
bajo,12,12,391,0,391,0.0,1980.3185430963733,3563.3289332039935,0.0,10963.224093353787,1974.032338132876,4342.743568513348,5.06475330715185,0.0,0.0,63.444583873575155,11.423798253083774,25.131617873341135,296.94407776699944,1459.0379207237702,1173,0,0
bajo,12,13,401,0,401,1.6854211174024556,1991.927718070076,3735.8113711701762,0.0,11165.014713337048,1966.609381463994,4148.3759051989255,4.967400793192209,0.0042030451805547524,0.0,64.61235366514495,11.380841327916631,24.006805006938226,311.3176142641814,1456.3449871265407,1203,1,0
bajo,12,14,408,0,408,0.0,2038.4032882689726,3777.584369742598,0.0,10815.764934583372,2027.5342984139843,4436.700767002641,4.996086490855325,0.0,0.0,62.59123226032044,11.73341607878463,25.67535166089492,314.79869747854985,1464.2850429531643,1224,0,0
bajo,12,15,424,0,424,0.8450513811468454,2038.5677809531364,3976.595034514476,0.0,10864.983886832613,2037.7227295719904,4377.293383595387,4.807942879606454,0.001993045710251994,0.0,62.87606415991096,11.792376907245314,25.331558932843677,331.382919542873,1466.932092553028,1272,1,0
bajo,12,16,418,0,418,0.0,2104.2275252353265,3928.0054888597942,0.0,10657.854283383183,2100.2641712703285,4521.881545346478,5.034037141711307,0.0,0.0,61.67739747328231,12.154306546703289,26.16829598001434,327.33379073831617,1456.0841423462723,1254,0,0
bajo,12,17,401,0,401,0.0,1969.888405326933,3791.385414091509,0.0,11076.549084204948,1969.8884053269321,4233.562510468129,4.912439913533499,0.0,0.0,64.1003997928527,11.399817160456784,24.499783046690563,315.94878450762576,1451.3281977003194,1203,0,0
bajo,12,18,404,0,404,0.0,1966.9865604598301,3803.307210778241,0.0,11011.32490287953,1950.8207887688734,4317.85430835162,4.868778614999579,0.0,0.0,63.722945039812096,11.289472157227276,24.987582802960763,316.9422675648534,1460.752253424355,1212,0,0
bajo,12,19,415,0,415,14.016332528303792,2111.593771348418,3866.9428536609657,0.0,10691.412644755046,2092.3140541755856,4496.273301069364,5.088177762285345,0.0337742952489248,0.0,61.87160095344355,12.108298924627231,26.02010012192919,322.2452378050805,1465.7945620938756,1245,2,0
bajo,12,20,375,0,375,0.0,1905.687561442391,3466.1260124451615,0.0,11321.844406271355,1905.6875614423925,4052.4680322862596,5.0818334971797094,0.0,0.0,65.51993290666293,11.028284499087919,23.451782594249188,288.8438343704301,1454.7075822663262,1125,0,0
bajo,12,21,374,0,374,11.011531520673344,1838.2556402674732,3501.0706310029564,0.0,11510.869265537382,1820.4903933426858,3948.6403411199303,4.91512203280073,0.02944259764885921,0.0,66.61382676815614,10.535245331844246,22.850927899999597,291.75588591691303,1463.4937031837615,1122,3,0
bajo,12,22,403,0,403,2.610831117635371,2022.9333706438265,3784.0141639910735,0.0,11030.872832827656,2014.1579118988948,4234.969255273436,5.0196857832353015,0.006478489125646082,0.0,63.8360696344193,11.656006434600085,24.50792393098053,315.33451366592277,1455.957590671009,1209,1,0
bajo,12,23,418,0,418,0.08646344959174712,2071.9167717867094,3914.617645018016,0.0,10460.906131855434,2071.8303083371184,4747.263559807454,4.9567386884849505,0.0002068503578749931,0.0,60.53765122601524,11.98975872880277,27.472590045182027,326.21813708483467,1450.8740366010763,1254,1,0
bajo,12,24,377,0,377,0.0,1880.7597433581057,3489.966745905974,0.0,11409.721435569854,1868.6980263184266,4001.5805381117025,4.988752634902137,0.0,0.0,66.02848052991814,10.814224689342748,23.15729478073902,290.8305621588312,1459.141201266092,1131,0,0
bajo,12,25,390,0,390,0.0,1986.5783463720156,3593.7300800856106,0.0,10976.007089319422,1982.3042962705156,4321.688614410044,5.093790631723117,0.0,0.0,63.518559544672584,11.471668381195114,25.009772074132197,299.47750667380086,1463.8304264309081,1170,0,0
bajo,12,26,386,0,386,0.0,1905.912497183773,3597.0869938013225,0.0,11254.444659170244,1904.2750727643847,4121.280268065364,4.937597142963142,0.0,0.0,65.12988807390188,11.020110374793893,23.85000155130419,299.75724948344356,1453.5590183550482,1158,0,0
bajo,12,27,389,0,389,0.0,1939.4719870182766,3579.9912244280013,0.0,11148.12212556184,1939.4719870182753,4192.405887419883,4.985789169712794,0.0,0.0,64.51459563403843,11.223796221170575,24.261608144790987,298.33260203566675,1452.4657053119747,1167,0,0
bajo,12,28,408,0,408,0.5835558149974531,2109.901284602737,3755.3976301254074,0.0,10940.533779031337,2097.3346711845247,4242.13154978415,5.171326677947885,0.0014302838602878753,0.0,63.31327418420912,12.13735342120674,24.5493723945842,312.94980251045064,1451.5115887988065,1224,1,0
bajo,12,29,429,0,429,12.755703706334316,2195.958761499018,4002.9978626869492,0.0,10640.983100390175,2174.592769355756,4464.424130254081,5.1187849918392025,0.029733575073040364,0.0,61.579763312443134,12.584448896734699,25.83578779082223,333.58315522391246,1461.9691403299257,1287,2,0
bajo,13,0,429,0,429,0.0,2134.4886095317056,3864.7667311515675,0.0,11880.84919042854,2133.754024630004,4705.396784941459,4.97549792431633,0.0,0.0,63.466074735195185,11.398258678579081,25.135666586225746,297.2897485501206,1455.392313002222,1287,0,0
bajo,13,1,409,0,409,0.0,2087.3029703795764,3824.9013559205614,0.0,12206.095272642317,2086.247405277785,4427.6573220799055,5.103430245426837,0.0,0.0,65.20350038804656,11.144484002552272,23.652015609401207,294.22318122465856,1456.5653878168614,1227,0,0
bajo,13,2,399,0,399,0.0,1966.080379375884,3681.4312387861396,0.0,12557.115272671906,1966.0803793758826,4196.804347952222,4.9275197478092325,0.0,0.0,67.07860722581147,10.502566129144672,22.41882664504392,283.18701836816456,1448.8805911829656,1197,0,0
bajo,13,3,370,0,370,0.0,1840.2995194511643,3455.820438424534,0.0,12879.056562179747,1835.3972106874608,4005.5462271327924,4.973782485003147,0.0,0.0,68.79837907147301,9.804472279313359,21.397148649213634,265.83234141727183,1448.2076331846074,1110,0,0
bajo,13,4,411,0,411,0.0,2061.6116426343597,3777.9893852210866,0.0,12149.77668415965,2061.094380839679,4509.128935000689,5.016086721738102,0.0,0.0,64.90265322734855,11.010119555767517,24.08722721688402,290.61456809392973,1453.0859505331634,1233,0,0
bajo,13,5,396,0,396,0.0,1986.4752810055695,3679.2158787593457,0.0,12339.925920482692,1981.7818917765494,4398.292187740757,5.016351719711034,0.0,0.0,65.91840769488617,10.586441729575585,23.495150575538233,283.0166060584112,1460.8172131556987,1188,0,0
bajo,13,6,399,0,399,0.0,1960.95668475013,3699.0152780742437,0.0,12552.369097322031,1954.6612338434436,4212.969668834506,4.914678407895063,0.0,0.0,67.05325372501085,10.441566420103864,22.505179854885178,284.5396367749418,1452.501543571092,1197,0,0
bajo,13,7,417,0,417,0.0,2067.698695819192,3923.120135824636,0.0,12059.833286455261,2058.4040682464865,4601.762645298259,4.958510061916527,0.0,0.0,64.42218635926956,10.995748227812427,24.58206541291805,301.77847198651045,1455.2339054402214,1251,0,0
bajo,13,8,417,0,417,0.0,2105.243958243851,3913.68787957839,0.0,11979.573425708715,2105.243958243852,4635.182616047445,5.048546662455278,0.0,0.0,63.993447786905534,11.245961315405193,24.76059089768934,301.0529138137223,1452.928795643666,1251,0,0
bajo,13,9,410,0,410,0.0,2074.2906260709224,3811.91459925922,0.0,12068.251764487313,2066.1913963084717,4585.5568392042205,5.059245429441274,0.0,0.0,64.46715686157752,11.037347202502518,24.49549593591998,293.2241999430169,1462.0906657208375,1230,0,0
bajo,13,10,399,0,399,0.0,2002.32102334225,3747.6236552165897,0.0,12517.89752408925,2001.398853233713,4200.703622677049,5.0183484294291985,0.0,0.0,66.86911070560497,10.691233190351031,22.439656104044065,288.2787427089684,1460.169502095221,1197,0,0
bajo,13,11,370,0,370,0.0,1848.7697180408118,3489.205623526094,0.0,12705.346219945633,1845.523229715015,4169.130550339346,4.996674913623815,0.0,0.0,67.87043920911128,9.858564261298158,22.270996529590523,268.4004325789303,1459.527201046524,1110,0,0
bajo,13,12,391,0,391,0.0,1980.3185430963733,3563.3289332039935,0.0,12403.22409335378,1974.032338132876,4342.743568513348,5.06475330715185,0.0,0.0,66.25653896022318,10.5450445413081,23.198416498468738,274.1022256310764,1459.0379207237702,1173,0,0
bajo,13,13,401,0,401,0.0,1990.2422969526738,3735.8113711701762,0.0,12605.014713337083,1966.609381463994,4148.3759051989255,4.963197748011655,0.0,0.0,67.33448030628783,10.505391994999966,22.16012769871221,287.37010547462893,1456.3449871265407,1203,0,0
bajo,13,14,408,0,408,0.0,2038.4032882689726,3777.584369742598,0.0,12255.764934583372,2027.5342984139843,4436.700767002641,4.996086490855325,0.0,0.0,65.46882977875732,10.830845611185813,23.700324610056846,290.5834130571229,1464.2850429531643,1224,0,0
bajo,13,15,424,0,424,0.0,2037.7227295719897,3976.595034514476,0.0,12304.983886832644,2037.7227295719904,4377.293383595387,4.805949833896202,0.0,0.0,65.73175153222567,10.885270991303367,23.382977476471087,305.8919257318828,1466.932092553028,1272,0,0
bajo,13,16,418,0,418,0.0,2104.2275252353265,3928.0054888597942,0.0,12097.854283383198,2100.2641712703285,4521.881545346478,5.034037141711307,0.0,0.0,64.6252899753376,11.219359889264576,24.155350135397853,302.15426837383035,1456.0841423462723,1254,0,0
bajo,13,17,401,0,401,0.0,1969.888405326933,3791.385414091509,0.0,12516.549084204951,1969.8884053269321,4233.562510468129,4.912439913533499,0.0,0.0,66.86190750109482,10.522908148113954,22.61518435079129,291.645031853193,1451.3281977003194,1203,0,0
bajo,13,18,404,0,404,0.0,1966.9865604598301,3803.307210778241,0.0,12451.324902879494,1950.8207887688734,4317.85430835162,4.868778614999579,0.0,0.0,66.51348772905713,10.421051222055947,23.065461048886856,292.5620931367878,1460.752253424355,1212,0,0
bajo,13,19,415,0,415,5.046830483034,2102.624269303149,3866.9428536609657,0.0,12131.412644755033,2092.3140541755856,4496.273301069364,5.066564504344938,0.012161037308515664,0.0,64.80455472625553,11.176891315040521,24.018553958703865,297.4571425893051,1465.7945620938756,1245,1,0
bajo,13,20,375,0,375,0.0,1905.687561442391,3466.1260124451615,0.0,12761.844406271342,1905.6875614423925,4052.4680322862596,5.0818334971797094,0.0,0.0,68.17224575999649,10.179954922235003,21.64779931776848,266.62507788039704,1454.7075822663262,1125,0,0
bajo,13,21,374,0,374,3.6073323799421644,1830.851441126742,3501.0706310029564,0.0,12950.869265537374,1820.4903933426858,3948.6403411199303,4.895324708895032,0.009645273743160867,0.0,69.1819939398364,9.724841844779304,21.093164215384245,269.3131254617659,1463.4937031837615,1122,2,0
bajo,13,22,403,0,403,0.0,2020.3225395261911,3784.0141639910735,0.0,12470.872832827654,2014.1579118988948,4234.969255273436,5.013207294109655,0.0,0.0,66.61791043177165,10.759390555015463,22.6226990132128,291.07801261469797,1455.957590671009,1209,0,0
bajo,13,23,418,0,418,0.0,2071.8303083371175,3914.617645018016,0.0,11900.906131855414,2071.8303083371184,4747.263559807454,4.956531838127075,0.0,0.0,63.57321651632165,11.06746959581794,25.35931388786033,301.12443423215507,1450.8740366010763,1254,0,0
bajo,13,24,377,0,377,0.0,1880.7597433581057,3489.966745905974,0.0,12849.721435569863,1868.6980263184266,4001.5805381117025,4.988752634902137,0.0,0.0,68.6416743353091,9.982361251700997,21.375964412989866,268.45898045430573,1459.141201266092,1131,0,0
bajo,13,25,390,0,390,0.0,1986.5783463720156,3593.7300800856106,0.0,12416.007089319442,1982.3042962705156,4321.688614410044,5.093790631723117,0.0,0.0,66.32482419508248,10.589232351872413,23.085943453045104,276.4407753912008,1463.8304264309081,1170,0,0
bajo,13,26,386,0,386,0.0,1905.912497183773,3597.0869938013225,0.0,12694.444659170265,1904.2750727643847,4121.280268065364,4.937597142963142,0.0,0.0,67.81220437590953,10.172409576732825,22.015386047357712,276.69899952317866,1453.5590183550482,1158,0,0
bajo,13,27,389,0,389,0.0,1939.4719870182766,3579.9912244280013,0.0,12588.12212556183,1939.4719870182753,4192.405887419883,4.985789169712794,0.0,0.0,67.24424212372772,10.360427281080531,22.39533059519168,275.3839403406155,1452.4657053119747,1167,0,0
bajo,13,28,408,0,408,0.0,2109.3177287877406,3755.3976301254074,0.0,12380.533779031317,2097.3346711845247,4242.13154978415,5.1698963940875995,0.0,0.0,66.13533001619292,11.203710850344685,22.660959133462338,288.8767407788775,1451.5115887988065,1224,0,0
bajo,13,29,429,0,429,5.1156473381438445,2188.318705130827,4002.9978626869492,0.0,12080.98310039016,2174.592769355756,4464.424130254081,5.10097600263596,0.011924585869799172,0.0,64.53516613456281,11.616414366216645,23.84841949922052,307.9229125143807,1461.9691403299257,1287,1,0
bajo,14,0,429,0,429,0.0,2134.4886095317056,3864.7667311515675,0.0,13320.849190428531,2133.754024630004,4705.396784941459,4.97549792431633,0.0,0.0,66.07564082553836,10.584097344394863,23.340261830066762,276.05476651082625,1455.392313002222,1287,0,0
bajo,14,1,409,0,409,0.0,2087.3029703795764,3824.9013559205614,0.0,13646.095272642307,2086.247405277785,4427.6573220799055,5.103430245426837,0.0,0.0,67.68896464604319,10.348449430941395,21.962585923015403,273.20723970861155,1456.5653878168614,1227,0,0
bajo,14,2,399,0,399,0.0,1966.080379375884,3681.4312387861396,0.0,13997.11527267189,1966.0803793758826,4196.804347952222,4.9275197478092325,0.0,0.0,69.43013528111057,9.752382834205767,20.81748188468364,262.95937419900997,1448.8805911829656,1197,0,0
bajo,14,3,370,0,370,0.0,1840.2995194511643,3455.820438424534,0.0,14319.05656217974,1835.3972106874608,4005.5462271327924,4.973782485003147,0.0,0.0,71.02706628065347,9.104152830790976,19.868780888555516,246.84431703032388,1448.2076331846074,1110,0,0
bajo,14,4,411,0,411,0.0,2061.6116426343597,3777.9893852210866,0.0,13589.776684159631,2061.094380839679,4509.128935000689,5.016086721738102,0.0,0.0,67.40960656825213,10.223682444641266,22.366710987106593,269.85638465864906,1453.0859505331634,1233,0,0
bajo,14,5,396,0,396,0.0,1986.4752810055695,3679.2158787593457,0.0,13779.925920482716,1981.7818917765494,4398.292187740757,5.016351719711034,0.0,0.0,68.35280714525157,9.830267320320186,21.816925534428357,262.80113419709613,1460.8172131556987,1188,0,0
bajo,14,6,399,0,399,0.0,1960.95668475013,3699.0152780742437,0.0,13992.36909732205,1954.6612338434436,4212.969668834506,4.914678407895063,0.0,0.0,69.40659274465301,9.695740247239303,20.897667008107668,264.21537700530314,1452.501543571092,1197,0,0
bajo,14,7,417,0,417,0.0,2067.698695819192,3923.120135824636,0.0,13499.833286455247,2058.4040682464865,4601.762645298259,4.958510061916527,0.0,0.0,66.9634587621788,10.21033764011154,22.826203597709615,280.2228668446168,1455.2339054402214,1251,0,0
bajo,14,8,417,0,417,0.0,2105.243958243851,3913.68787957839,0.0,13419.573425708692,2105.243958243852,4635.182616047445,5.048546662455278,0.0,0.0,66.565344373555,10.44267836430482,22.991977262140104,279.5491342555993,1452.928795643666,1251,0,0
bajo,14,9,410,0,410,0.0,2074.2906260709224,3811.91459925922,0.0,13508.2517644873,2066.1913963084717,4585.5568392042205,5.059245429441274,0.0,0.0,67.0052170857505,10.248965259466624,22.74581765478284,272.2796142328014,1462.0906657208375,1230,0,0
bajo,14,10,399,0,399,0.0,2002.32102334225,3747.6236552165897,0.0,13957.897524089256,2001.398853233713,4200.703622677049,5.0183484294291985,0.0,0.0,69.23560279806179,9.927573676754529,20.836823525183775,267.6874039440421,1460.169502095221,1197,0,0
bajo,14,11,370,0,370,0.0,1848.7697180408118,3489.205623526094,0.0,14145.346219945628,1845.523229715015,4169.130550339346,4.996674913623815,0.0,0.0,70.16540783703189,9.154381099776861,20.6802110631912,249.22897310900672,1459.527201046524,1110,0,0
bajo,14,12,391,0,391,0.0,1980.3185430963733,3563.3289332039935,0.0,13843.22409335378,1974.032338132876,4342.743568513348,5.06475330715185,0.0,0.0,68.66678617735009,9.791827074071806,21.541386748578116,254.5234952288567,1459.0379207237702,1173,0,0
bajo,14,13,401,0,401,0.0,1990.2422969526738,3735.8113711701762,0.0,14045.014713337063,1966.609381463994,4148.3759051989255,4.963197748011655,0.0,0.0,69.66773171298146,9.755006852499971,20.57726143451848,266.8436693692983,1456.3449871265407,1203,0,0
bajo,14,14,408,0,408,0.0,2038.4032882689726,3777.584369742598,0.0,13695.764934583383,2027.5342984139843,4436.700767002641,4.996086490855325,0.0,0.0,67.93534193741758,10.057213781815397,22.00744428076707,269.82745498161415,1464.2850429531643,1224,0,0
bajo,14,15,424,0,424,0.0,2037.7227295719897,3976.595034514476,0.0,13744.983886832637,2037.7227295719904,4377.293383595387,4.805949833896202,0.0,0.0,68.17948356563808,10.1077516347817,21.712764799580295,284.0425024653197,1466.932092553028,1272,0,0
bajo,14,16,418,0,418,0.0,2104.2275252353265,3928.0054888597942,0.0,13537.8542833832,2100.2641712703285,4521.881545346478,5.034037141711307,0.0,0.0,67.15205497709921,10.417977040031392,22.429967982869435,280.57182063284245,1456.0841423462723,1254,0,0
bajo,14,17,401,0,401,0.0,1969.888405326933,3791.385414091509,0.0,13956.549084204942,1969.8884053269321,4233.562510468129,4.912439913533499,0.0,0.0,69.22891410815943,9.7712718518201,20.999814040020485,270.81324386367925,1451.3281977003194,1203,0,0
bajo,14,18,404,0,404,0.0,1966.9865604598301,3803.307210778241,0.0,13891.324902879496,1950.8207887688734,4317.85430835162,4.868778614999579,0.0,0.0,68.90538146269591,9.676690420480522,21.41792811682351,271.6648007698744,1460.752253424355,1212,0,0
bajo,14,19,415,0,415,0.0,2097.5774388201144,3866.9428536609657,0.0,13571.412644755055,2092.3140541755856,4496.273301069364,5.05440346703642,0.0,0.0,67.31851510295166,10.37854193539477,22.302942961653592,276.21020383292614,1465.7945620938756,1245,0,0
bajo,14,20,375,0,375,0.0,1905.687561442391,3466.1260124451615,0.0,14201.844406271332,1905.6875614423925,4052.4680322862596,5.0818334971797094,0.0,0.0,70.44565677713955,9.452815284932504,20.101527937927873,247.58042946036866,1454.7075822663262,1125,0,0
bajo,14,21,374,0,374,0.5495389723824928,1827.7936477191824,3501.0706310029564,0.0,14390.869265537382,1820.4903933426858,3948.6403411199294,4.887148790693002,0.00146935554112966,0.0,71.38328008699098,9.030210284437926,19.58650962857108,250.0764736430683,1463.4937031837615,1122,1,0
bajo,14,22,403,0,403,0.0,2020.3225395261911,3784.0141639910735,0.0,13910.87283282766,2014.1579118988948,4234.969255273436,5.013207294109655,0.0,0.0,69.00234540093085,9.990862658228645,21.006791940840454,270.2867259993624,1455.957590671009,1209,0,0
bajo,14,23,418,0,418,0.0,2071.8303083371175,3914.617645018016,0.0,13340.90613185543,2071.8303083371184,4747.263559807454,4.956531838127075,0.0,0.0,66.17512962229877,10.276936053259515,23.547934324441737,279.6155460727154,1450.8740366010763,1254,0,0
bajo,14,24,377,0,377,0.0,1880.7597433581057,3489.966745905974,0.0,14289.721435569858,1868.6980263184266,4001.5805381117025,4.988752634902137,0.0,0.0,70.88155473992985,9.26933544800807,19.849109812062014,249.28333899328388,1459.141201266092,1131,0,0
bajo,14,25,390,0,390,0.0,1986.5783463720156,3593.7300800856106,0.0,13856.007089319448,1982.3042962705156,4321.688614410044,5.093790631723117,0.0,0.0,68.73019389543377,9.832858612452956,21.436947492113312,256.69500572040073,1463.8304264309081,1170,0,0
bajo,14,26,386,0,386,0.0,1905.912497183773,3597.0869938013225,0.0,14134.444659170224,1904.2750727643847,4121.280268065364,4.937597142963142,0.0,0.0,70.11133263477294,9.44580889268048,20.442858472546448,256.934785271523,1453.5590183550482,1158,0,0
bajo,14,27,389,0,389,0.0,1939.4719870182766,3579.9912244280013,0.0,14028.122125561847,1939.4719870182753,4192.405887419883,4.985789169712794,0.0,0.0,69.58393911489011,9.62039676100335,20.795664124106562,255.7136588877144,1452.4657053119747,1167,0,0
bajo,14,28,408,0,408,0.0,2109.3177287877406,3755.3976301254074,0.0,13820.53377903131,2097.3346711845247,4242.13154978415,5.1698963940875995,0.0,0.0,68.55423501503626,10.403445789605778,21.042319195357887,268.24268786610054,1451.5115887988065,1224,0,0
bajo,14,29,429,0,429,0.0,2183.2030577926835,4002.9978626869492,0.0,13520.983100390155,2174.592769355756,4464.4241302540795,5.089051416766162,0.0,0.0,67.06836855352259,10.786670482915456,22.144960963561903,285.92841876335353,1461.9691403299257,1287,0,0
bajo,15,0,429,0,429,0.0,2134.4886095317056,3864.7667311515675,0.0,14760.849190428546,2133.754024630004,4705.396784941459,4.97549792431633,0.0,0.0,68.33726477050253,9.878490854768538,21.784244374728978,257.6511154101045,1455.392313002222,1287,0,0
bajo,15,1,409,0,409,0.0,2087.3029703795764,3824.9013559205614,0.0,15086.09527264231,2086.247405277785,4427.6573220799055,5.103430245426837,0.0,0.0,69.84303366964032,9.658552802211968,20.49841352814771,254.9934237280374,1456.5653878168614,1227,0,0
bajo,15,2,399,0,399,0.0,1966.080379375884,3681.4312387861396,0.0,15437.115272671896,1966.0803793758826,4196.804347952222,4.9275197478092325,0.0,0.0,71.46812626236989,9.102223978592049,19.429649759038064,245.42874925240932,1448.8805911829656,1197,0,0
bajo,15,3,370,0,370,0.0,1840.2995194511643,3455.820438424534,0.0,15759.056562179747,1835.3972106874608,4005.5462271327924,4.973782485003147,0.0,0.0,72.95859519527662,8.497209308738245,18.54419549598515,230.3880292283023,1448.2076331846074,1110,0,0
bajo,15,4,411,0,411,0.0,2061.6116426343597,3777.9893852210866,0.0,15029.77668415963,2061.094380839679,4509.128935000689,5.016086721738102,0.0,0.0,69.58229946370199,9.542103614998515,20.875596921299486,251.8659590147391,1453.0859505331634,1233,0,0
bajo,15,5,396,0,396,0.0,1986.4752810055695,3679.2158787593457,0.0,15219.925920482707,1981.7818917765494,4398.292187740757,5.016351719711034,0.0,0.0,70.46262000223476,9.174916165632172,20.362463832133134,245.2810585839564,1460.8172131556987,1188,0,0
bajo,15,6,399,0,399,0.0,1960.95668475013,3699.0152780742437,0.0,15432.369097322062,1954.6612338434436,4212.969668834506,4.914678407895063,0.0,0.0,71.44615322834288,9.049357564090018,19.504489207567154,246.60101853828291,1452.501543571092,1197,0,0
bajo,15,7,417,0,417,0.0,2067.698695819192,3923.120135824636,0.0,14939.833286455247,2058.4040682464865,4601.762645298259,4.958510061916527,0.0,0.0,69.16589484470022,9.529648464104104,21.304456691195643,261.54134238830903,1455.2339054402214,1251,0,0
bajo,15,8,417,0,417,0.0,2105.243958243851,3913.68787957839,0.0,14859.573425708699,2105.243958243852,4635.182616047445,5.048546662455278,0.0,0.0,68.79432141531805,9.7464998066845,21.45917877799743,260.912525305226,1452.928795643666,1251,0,0
bajo,15,9,410,0,410,0.0,2074.2906260709224,3811.91459925922,0.0,14948.251764487284,2066.1913963084717,4585.5568392042205,5.059245429441274,0.0,0.0,69.20486928003372,9.565700908835517,21.22942981113065,254.12763995061465,1462.0906657208375,1230,0,0
bajo,15,10,399,0,399,0.0,2002.32102334225,3747.6236552165897,0.0,15397.897524089234,2001.398853233713,4200.703622677049,5.0183484294291985,0.0,0.0,71.28656261152423,9.26573543163756,19.44770195683819,249.8415770144393,1460.169502095221,1197,0,0
bajo,15,11,370,0,370,0.0,1848.7697180408118,3489.205623526094,0.0,15585.346219945633,1845.523229715015,4169.130550339346,4.996674913623815,0.0,0.0,72.15438064789646,8.544089026458403,19.301530325645118,232.61370823507292,1459.527201046524,1110,0,0
bajo,15,12,391,0,391,0.0,1980.3185430963733,3563.3289332039935,0.0,15283.224093353789,1974.032338132876,4342.743568513348,5.06475330715185,0.0,0.0,70.75566709886013,9.139038602467018,20.105294298672906,237.55526221359958,1459.0379207237702,1173,0,0
bajo,15,13,401,0,401,0.0,1990.2422969526738,3735.8113711701762,0.0,15485.014713337061,1966.609381463994,4148.3759051989255,4.963197748011655,0.0,0.0,71.68988293211602,9.104673062333307,19.205444005550582,249.05409141134507,1456.3449871265407,1203,0,0
bajo,15,14,408,0,408,0.0,2038.4032882689726,3777.584369742598,0.0,15135.764934583403,2027.5342984139843,4436.700767002641,4.996086490855325,0.0,0.0,70.07298580825649,9.386732863027705,20.54028132871593,251.83895798283987,1464.2850429531643,1224,0,0
bajo,15,15,424,0,424,0.0,2037.7227295719897,3976.595034514476,0.0,15184.983886832628,2037.7227295719904,4377.293383595387,4.805949833896202,0.0,0.0,70.30085132792884,9.433901525796253,20.26524714627494,265.10633563429843,1466.932092553028,1272,0,0
bajo,15,16,418,0,418,0.0,2104.2275252353265,3928.0054888597942,0.0,14977.85428338319,2100.2641712703285,4521.881545346478,5.034037141711307,0.0,0.0,69.34191797862587,9.723445237362633,20.93463678401147,261.86703259065297,1456.0841423462723,1254,0,0
bajo,15,17,401,0,401,0.0,1969.888405326933,3791.385414091509,0.0,15396.549084204918,1969.8884053269321,4233.562510468129,4.912439913533499,0.0,0.0,71.28031983428204,9.119853728365426,19.59982643735245,252.7590276061006,1451.3281977003194,1203,0,0
bajo,15,18,404,0,404,0.0,1966.9865604598301,3803.307210778241,0.0,15331.324902879518,1950.8207887688734,4317.85430835162,4.868778614999579,0.0,0.0,70.97835603184961,9.03157772578182,19.99006624236861,253.55381405188274,1460.752253424355,1212,0,0
bajo,15,19,415,0,415,0.0,2097.5774388201144,3866.9428536609657,0.0,15011.412644755048,2092.3140541755856,4496.273301069364,5.05440346703642,0.0,0.0,69.49728076275485,9.686639139701786,20.81608009754335,257.7961902440644,1465.7945620938756,1245,0,0
bajo,15,20,375,0,375,0.0,1905.687561442391,3466.1260124451615,0.0,15641.844406271372,1905.6875614423925,4052.4680322862596,5.0818334971797094,0.0,0.0,72.41594632533042,8.822627599270335,18.761426075399353,231.0750674963441,1454.7075822663262,1125,0,0
bajo,15,21,374,0,374,0.0,1827.2441087467996,3501.0706310029564,0.0,15830.869265537387,1820.4903933426858,3948.6403411199294,4.885679435151871,0.0,0.0,73.29106141452493,8.428196265475398,18.280742319999675,233.4047087335304,1463.4937031837615,1122,0,0
bajo,15,22,403,0,403,0.0,2020.3225395261911,3784.0141639910735,0.0,15350.872832827668,2014.1579118988948,4234.969255273436,5.013207294109655,0.0,0.0,71.0688557075355,9.324805147680069,19.606339144784428,252.26761093273822,1455.957590671009,1209,0,0
bajo,15,23,418,0,418,0.0,2071.8303083371175,3914.617645018016,0.0,14780.906131855418,2071.8303083371184,4747.263559807454,4.956531838127075,0.0,0.0,68.43012098081212,9.591806983042215,21.978072036145623,260.9745096678677,1450.8740366010763,1254,0,0
bajo,15,24,377,0,377,0.0,1880.7597433581057,3489.966745905974,0.0,15729.721435569856,1868.6980263184266,4001.5805381117025,4.988752634902137,0.0,0.0,72.82278442393452,8.651379751474197,18.525835824591216,232.66444972706495,1459.141201266092,1131,0,0
bajo,15,25,390,0,390,0.0,1986.5783463720156,3593.7300800856106,0.0,15296.007089319448,1982.3042962705156,4321.688614410044,5.093790631723117,0.0,0.0,70.81484763573819,9.17733470495609,20.007817659305758,239.5820053390407,1463.8304264309081,1170,0,0
bajo,15,26,386,0,386,0.0,1905.912497183773,3597.0869938013225,0.0,15574.444659170247,1904.2750727643847,4121.280268065364,4.937597142963142,0.0,0.0,72.10391045912151,8.816088299835116,19.08000124104335,239.80579958675483,1453.5590183550482,1158,0,0
bajo,15,27,389,0,389,0.0,1939.4719870182766,3579.9912244280013,0.0,15468.122125561855,1939.4719870182753,4192.405887419883,4.985789169712794,0.0,0.0,71.6116765072308,8.97903697693646,19.40928651583279,238.66608162853342,1452.4657053119747,1167,0,0
bajo,15,28,408,0,408,0.0,2109.3177287877406,3755.3976301254074,0.0,15260.533779031339,2097.3346711845247,4242.13154978415,5.1698963940875995,0.0,0.0,70.65061934736731,9.709882736965392,19.63949791566736,250.3598420083605,1451.5115887988065,1224,0,0
bajo,15,29,429,0,429,0.0,2183.2030577926835,4002.9978626869492,0.0,14960.983100390167,2174.592769355756,4464.4241302540795,5.089051416766162,0.0,0.0,69.26381064995448,10.06755911738776,20.668630232657776,266.86652417912995,1461.9691403299257,1287,0,0
base,3,0,592,333,259,829.6776041671984,2113.1325804665307,2341.0499389728875,3016.756148641315,246.3671094756343,1273.7517040243717,2799.881186499993,8.158813051994327,3.2033884330779863,56.25,5.702942348973016,29.484993148712306,64.81206450231466,780.3499796576292,1455.0682195689326,1110,1,0
base,3,1,564,309,255,823.2549250374819,2119.674446830574,2382.7127290969406,2923.7931730197765,249.5607899415116,1292.145480150344,2778.2937299081473,8.31244881110029,3.228450686421498,54.78723404255319,5.77687013753499,29.910775003480182,64.31235485898489,794.2375763656469,1465.8570421099164,1074,1,0
base,3,2,602,343,259,800.8370294283226,2065.5096621874263,2406.162308432841,3149.225217266069,373.18966757030284,1261.0579278814093,2685.7524045482883,7.974940780646434,3.092034862657616,56.97674418604651,8.638649712275528,29.19115573799559,62.1701945497289,802.054102810947,1462.3871166179656,1120,1,0
base,3,3,549,287,262,774.8733440950873,2078.2780779930663,2446.1603535973095,2632.3088769839305,250.6286933611331,1296.385329610197,2772.9859770286666,7.932359076309413,2.9575318476911727,52.27686703096539,5.801590124100303,30.008919666902706,64.18949020899692,815.3867845324365,1459.185121630647,1073,1,0
base,3,4,591,335,256,830.2219282381634,2093.197073966508,2351.358524357072,3105.0239145208384,214.432263599397,1257.60661321546,2847.9611231851445,8.176551070181672,3.243054407180326,56.683587140439926,4.963709805541598,29.11126419480231,65.92502599965613,783.7861747856906,1461.621280116822,1103,1,0
base,3,5,579,332,247,836.0376210711966,2073.6594217463653,2261.9904500917633,3132.445043017952,204.22195720140186,1230.5850741705735,2885.1929686280255,8.395382274276782,3.3847676966445204,57.340241796200345,4.727360120402821,28.48576560580031,66.78687427379688,753.9968166972544,1457.914760466524,1073,1,0
base,3,6,568,307,261,812.1500610561357,2126.382947285352,2430.2818391973715,2846.9862743930794,273.72003718583505,1307.2806555827642,2738.999307231395,8.147061100710161,3.1116860576863434,54.04929577464789,6.33611197189433,30.261126286638063,63.40276174146747,810.0939463991239,1477.3208594342818,1090,1,0
base,3,7,595,341,254,852.4230225387498,2107.620256405725,2356.1435299549835,3202.9812100046242,246.63703979472453,1250.8185881156865,2822.5443720895887,8.297717544904428,3.3559961517273615,57.310924369747895,5.709190735988994,28.95413398415941,65.33667527985159,785.3811766516611,1447.971975699628,1103,1,0
base,3,8,596,334,262,821.828895247924,2182.840390128441,2463.711720625491,3121.4029608478395,216.93856746844554,1356.070156189651,2746.9912763418993,8.33145187071924,3.136751508579863,56.04026845637584,5.02172609880661,31.39051287476044,63.58776102643285,821.237240208497,1461.9111308468089,1120,1,0
base,3,9,580,326,254,860.1796512643959,2128.2229892818514,2344.758859562901,3045.055078204352,178.14006987414768,1268.0433380174557,2873.816592108399,8.378830666463982,3.386534060096047,56.20689655172414,4.123612728568234,29.35285504670036,66.52353222473147,781.586286520967,1453.5315819488155,1088,1,0
base,3,10,542,285,257,753.8799824115011,2057.5609933578953,2394.0088151942596,2653.4276621356066,320.70417805844653,1302.2556800214481,2697.0401419201053,8.006073904116324,2.9333851455700435,52.5830258302583,7.4237078254270035,30.14480740790389,62.4314847666691,798.0029383980865,1450.3042425972185,1056,1,0
base,3,11,524,274,250,699.4998904354694,1936.7439684471808,2315.3381755723713,2608.8584925657146,381.9584600304305,1233.1302050109075,2704.911334958663,7.746975873788723,2.797999561741878,52.29007633587786,8.841631019222929,28.544680671548782,62.61368830922831,771.7793918574571,1459.7028316625615,1024,1,0
base,3,12,570,320,250,791.295423782575,2046.2490120778205,2340.671440585519,2861.3286260578207,293.2766955080614,1247.5783511595193,2779.1449533324185,8.184996048311282,3.1651816951303,56.14035087719298,6.788812396019939,28.87912849906295,64.3320591049171,780.2238135285064,1457.2214564277035,1070,1,0
base,3,13,572,309,263,799.4724754516496,2101.0826445405405,2428.719338901055,2878.698616763521,273.08205020866427,1299.9839701147225,2746.9339796766135,7.988907393690268,3.039819298295246,54.02097902097902,6.321343754830192,30.092221530433395,63.58643471473643,809.5731129670183,1453.8774026135115,1098,1,0
base,3,14,570,311,259,818.2274888456654,2117.8790954951737,2370.15524791693,2907.027336932157,178.55682512984333,1294.4113251866056,2847.0318496835503,8.17713936484623,3.159179493612608,54.56140350877193,4.133259840968596,29.963225120060315,65.90351503897108,790.0517493056433,1452.3291308759308,1088,1,0
base,3,15,599,336,263,881.2934321422468,2175.354537145,2452.037379956743,3151.675238109944,183.59362194187088,1294.0611050027533,2842.345273055377,8.271310027167301,3.3509255974990375,56.093489148580964,4.24985235976553,29.955118171360027,65.79502946887447,817.3457933189143,1446.6349458645354,1125,1,0
base,3,16,576,322,254,777.7868617461352,2036.0571579234868,2356.9401729859082,2975.3510360866458,273.8138480700687,1254.7649759103158,2791.421176019616,8.015973062690893,3.0621529990005323,55.90277777777778,6.338283520140478,29.045485553479534,64.61623092638,785.6467243286361,1464.1345653890955,1084,1,0
base,3,17,575,310,265,765.0041170213282,2082.3787408334047,2494.9604321541165,2902.824539559705,263.0962465403694,1312.743765433932,2744.1599880257018,7.858032984276999,2.886807988759729,53.91304347826087,6.090190892138181,30.3875871628225,63.52222194503939,831.6534773847055,1451.6286902981828,1105,1,0
base,3,18,592,321,271,762.7264850963871,2083.825055726429,2467.0406810100094,3057.381071376892,253.26540760711902,1312.4929335204113,2754.2416588724686,7.689391349544019,2.8144888748944177,54.22297297297297,5.862625176090718,30.38178086852804,63.755593955381215,822.3468936700032,1468.7434480159422,1134,1,0
base,3,19,576,308,268,835.1053561436146,2126.1959192097734,2539.6457505015064,2858.487668351005,252.10763249758807,1286.7814465878917,2781.110920914522,7.933566862723035,3.116064761729905,53.47222222222222,5.835824826333058,29.786607559904898,64.37756761376208,846.5485835005021,1453.9994830577602,1112,1,0
base,3,20,555,299,256,753.1637024376647,2049.3085396782662,2368.351015561875,2773.6392950883223,271.06121245021745,1291.6451622207564,2757.2936253290263,8.005111483118228,2.9420457126471278,53.873873873873876,6.274565103014293,29.89919356992492,63.82624132706079,789.450338520625,1451.2809511827231,1067,1,0
base,3,21,541,282,259,743.1466408489686,2017.2293675322603,2456.503455966016,2641.460559420151,355.9290470107794,1269.8242475172422,2694.2467054719777,7.788530376572433,2.8692920496099172,52.12569316081331,8.23909831043471,29.394079803639865,62.366821885925404,818.8344853220054,1455.6539663906608,1059,1,0
base,3,22,561,296,265,722.5801139084339,2045.3645110464247,2475.092584662329,2770.4288007891714,310.00030433236986,1322.4742666860632,2687.525428981566,7.718356645458206,2.726717410975222,52.76292335115864,7.175932970656709,30.61283024736257,62.211236781980695,825.0308615541097,1457.0239488016782,1091,1,0
base,3,23,598,345,253,846.7496989501689,2098.10694535391,2378.7954415681643,3214.5108992980754,201.3061039428445,1247.099952479824,2871.5939435773353,8.292912827485809,3.3468367547437503,57.692307692307686,4.6598635171954745,28.86805445555148,66.47208202725314,792.9318138560548,1459.630570256552,1104,1,0
base,3,24,556,303,253,740.430335001287,1980.3025395477691,2311.562460982357,2853.2187249738918,314.91246182036053,1229.4356098961898,2775.65192828345,7.8272827650109456,2.926602114629593,54.49640287769785,7.289640319915754,28.459157636485877,64.25120204359838,770.5208203274524,1468.629016206489,1062,1,0
base,3,25,562,307,255,835.4570646201096,2132.3311625356087,2408.132637433824,2853.0421058751076,216.0612112806504,1286.9658049666716,2816.972983752674,8.36208299033572,3.2763022141965084,54.62633451957295,5.0014169277928335,29.79087511496925,65.20770795723782,802.710879144608,1458.377702585254,1072,1,0
base,3,26,578,318,260,803.523437982714,2092.0246275967024,2433.565233524602,3000.7333512892246,250.60973714023595,1282.5524815541303,2786.8377813056377,8.046248567679624,3.090474761471977,55.017301038062286,5.801151322690647,29.688714850790056,64.5101338265194,811.1884111748673,1461.6537295585606,1098,1,0
base,3,27,549,293,256,767.1525724310312,2032.9519343803834,2384.862987532214,2706.7762313367493,309.7750222659981,1257.2491807857207,2752.975796948279,7.9412184936733725,2.9966897360587157,53.36976320582878,7.170718108009215,29.102990295965757,63.72629159602498,794.9543291774047,1459.7398821623244,1061,1,0
base,3,28,600,346,254,819.6073165473513,2137.7572586420138,2299.5659247135513,3189.28743354593,224.76505123292634,1318.149942094664,2777.0850066724097,8.416367160007928,3.2268004588478396,57.666666666666664,5.202894704465887,30.512730141080187,64.28437515445393,766.5219749045172,1455.3674878297309,1108,1,0
base,3,29,596,340,256,829.9466104159554,2117.2782295957536,2351.8203868980604,3200.1519769962065,229.92245762711445,1279.7664872414996,2810.311055131385,8.270618084358413,3.241978946937326,57.04697986577181,5.3222791117387604,29.62422424170138,65.05349664655984,783.9401289660201,1463.7136529250433,1108,1,0
base,4,0,592,237,355,1620.379644250808,3405.4464729820224,3217.7737534123876,2140.0323342018164,284.8889439739071,1776.8099757004845,3698.3010803256134,9.592806966146542,4.564449702114953,40.03378378378378,4.94598861065811,30.847395411466742,64.20661597787523,804.4434383530969,1461.755319640971,1302,2,0
base,4,1,564,211,353,1550.6092798319196,3362.271350445094,3318.012073580507,1988.4938285362077,235.09870727668545,1803.3902101089898,3721.5110826143236,9.524848018258057,4.392660849382208,37.4113475177305,4.081574779109122,31.308857814392184,64.60956740649867,829.5030183951268,1454.8473420569424,1270,2,0
base,4,2,602,247,355,1626.4656171731647,3362.3848588508667,3281.8486400066113,2273.5388856922996,283.74216379086147,1728.8158778151237,3747.4419583940203,9.47150664465033,4.581593287811732,41.029900332225914,4.926079232480234,30.014164545401457,65.05975622211841,820.4621600016528,1456.2354425478363,1312,2,0
base,4,3,549,188,361,1463.7541454197506,3260.103831013431,3365.083656349006,1713.3855742322373,178.7808882269122,1784.7744467131286,3796.4446650599634,9.030758534663244,4.054720624431442,34.244080145719494,3.103834865050559,30.98566747765848,65.91049765729103,841.2709140872515,1460.2722182971995,1271,2,0
base,4,4,591,234,357,1708.3162243452884,3499.022194621807,3267.0174668791765,2189.364971998735,186.60281723443507,1779.4252561103992,3793.971926655172,9.801182617988255,4.785199507969995,39.59390862944163,3.239632243653386,30.892799585249985,65.86756817109674,816.7543667197941,1461.2268644516598,1305,2,0
base,4,5,579,239,340,1667.869855827228,3366.6364171131654,3118.1430290503035,2276.292464059411,188.71095180173512,1687.9510821459864,3883.337966052276,9.901871815038723,4.905499575962436,41.278065630397236,3.276231802113457,29.30470628725671,67.4190619106298,779.5357572625759,1456.110169765127,1259,2,0
base,4,6,568,223,345,1563.9933790952148,3272.827484947724,3204.9424774750287,2072.3256361154235,274.654537922504,1704.2330113486319,3781.1124507288705,9.486456478109345,4.53331414230497,39.26056338028169,4.768307950043472,29.587378669247084,65.64431338070956,801.2356193687572,1471.4471858385627,1258,2,0
base,4,7,595,249,346,1694.7655612720284,3407.594673538885,3235.0007271734453,2324.124012786161,202.2788525085659,1702.7957970806735,3854.925350410758,9.848539518898512,4.898166362057886,41.84873949579832,3.511785633829269,29.562427032650586,66.9257873335201,808.7501817933613,1471.1856124206781,1287,2,0
base,4,8,596,237,359,1664.0158897306587,3497.0373376153066,3344.8239259277807,2240.290755545548,129.82226717401176,1823.4410577854194,3806.736675040567,9.741051079708376,4.6351417541243976,39.76510067114094,2.253858805104371,31.65696280877464,66.08917838612096,836.2059814819452,1461.9111308468089,1314,2,0
base,4,9,580,235,345,1732.0545927633111,3490.434724764871,3169.6796356538393,2220.134302113412,173.0224608888193,1751.7758321488836,3835.2017069622975,10.117202100767743,5.020448094966119,40.51724137931034,3.0038621682086686,30.412774863695898,66.58336296809544,792.4199089134598,1469.4760193856232,1270,2,0
base,4,10,542,188,354,1474.4065615171696,3241.5031299388866,3301.043608138635,1746.3928691912313,256.0989238429554,1752.912707285895,3750.988368871148,9.156788502652223,4.1649902867716655,34.686346863468636,4.446161872273531,30.432512279269012,65.12132584845743,825.2609020346588,1460.2535631319656,1250,2,0
base,4,11,524,185,339,1332.7146168123356,3012.9172339927172,3164.200372728172,1759.9962954099121,421.36811961229495,1673.4225172498689,3665.2093631378375,8.887661457205656,3.931311554018689,35.30534351145038,7.31541874326901,29.052474257810225,63.63210699892079,791.050093182043,1459.7028316625615,1202,2,0
base,4,12,570,225,345,1564.7714259851873,3312.3257020058777,3189.2010285531956,2012.7990380901424,220.21100291687088,1736.9830253726266,3802.8059717104975,9.600944063785153,4.535569350681702,39.473684210526315,3.823107689529008,30.1559553016081,66.0209370088628,797.3002571382989,1460.4197803482905,1260,2,0
base,4,13,572,221,351,1568.7303849389582,3294.214228293934,3260.2469116018156,2047.1710440627612,197.88903408215853,1720.715728517735,3841.3952374001083,9.38522572163514,4.4693173360084275,38.63636363636363,3.435573508370808,29.8735369534329,66.69088953819633,815.0617279004539,1455.5777515119228,1274,2,0
base,4,14,570,214,356,1599.016131502609,3391.665929717795,3253.5170356054723,2023.665549243614,171.27130761745593,1787.8020892999805,3800.926603082561,9.527151487971334,4.49161834691744,37.54385964912281,2.9734602016919434,31.038230717013548,65.98830908129446,813.3792589013681,1451.904492857411,1282,2,0
base,4,15,599,239,360,1666.670922020119,3415.9325989393856,3385.766561057664,2217.9460570090246,199.89375878254714,1746.4589737164274,3813.647267501026,9.488701663720516,4.629641450055886,39.89983305509182,3.4703777566414433,30.320468293687973,66.20915394967058,846.441640264416,1450.953521219914,1319,2,0
base,4,16,576,234,342,1586.9995825340718,3276.0232670642586,3158.257938768613,2174.033270303941,275.9045586049542,1685.5183642631496,3798.5770771318985,9.579015400772686,4.640349656532374,40.625,4.790009698002677,29.26247160179079,65.94751870020657,789.5644846921532,1464.1345653890955,1260,2,0
base,4,17,575,217,358,1548.9594493542056,3298.4383889722417,3344.9365491643102,2052.848422549511,191.05115800612222,1740.8451573679843,3828.1036846258894,9.213515052995088,4.326702372497781,37.73913043478261,3.3168603820507334,30.223006204305282,66.46013341364392,836.2341372910776,1457.5726327482491,1291,2,0
base,4,18,592,243,349,1595.1926784800737,3326.1217870440114,3241.3907235808106,2283.0310288060914,275.51842328810966,1718.9067671795167,3765.5748095323775,9.53043491989688,4.570752660401357,41.0472972972973,4.783305959863015,29.84213137464439,65.37456266549266,810.3476808952026,1468.366808594747,1290,2,0
base,4,19,576,218,358,1542.2761039817278,3340.575473258881,3375.7454405293265,2022.3879783231866,288.3203084436577,1782.5932512918587,3689.0864402644797,9.331216405751064,4.308033810004827,37.84722222222222,5.005560910480169,30.94779950159477,64.04663958792499,843.9363601323316,1470.0201965823535,1292,2,0
base,4,20,555,202,353,1433.9454240962716,3188.4419409022407,3272.6732308289747,1869.3170798212216,281.445361628519,1750.7032412036344,3727.8513971678403,9.032413430317963,4.062168340216067,36.3963963963964,4.886204194939565,30.394153493118655,64.71964231194167,818.1683077072437,1454.0236281164182,1261,2,0
base,4,21,541,196,345,1391.9221596351827,3087.6214927172286,3272.169700576671,1825.794314809493,384.75974972989894,1685.5744377058616,3689.665812564236,8.949627515122401,4.034556984449805,36.22920517560074,6.67985676614408,29.2634450990601,64.05669813479577,818.0424251441677,1465.9111692548395,1231,2,0
base,4,22,561,199,362,1497.0897594550331,3278.7618913291753,3367.8750566335693,1877.6463288179314,275.993348274238,1778.9116989743209,3705.0949527514344,9.057353290964572,4.135607070317771,35.47237076648842,4.7915511853166315,30.883883662748623,64.32456515193462,841.9687641583923,1453.1882519944072,1285,2,0
base,4,23,598,256,342,1832.5407377926672,3544.721023205406,3170.711992246298,2422.5943486199426,144.71228351351195,1703.6736392800763,3911.61407720641,10.364681354401771,5.358306250855752,42.80936454849498,2.5123660332206934,29.577667348612437,67.90996661816683,792.6779980615745,1461.7029721280558,1282,2,0
base,4,24,556,207,349,1559.104967680137,3297.5284638826106,3223.4216399021093,1941.3595460541374,211.3253698429849,1724.0955836825306,3824.5790464744896,9.448505627170803,4.467349477593515,37.23021582733813,3.66884322644071,29.932214994488376,66.398941779071,805.8554099755273,1473.1545441102685,1254,2,0
base,4,25,562,212,350,1589.4076926843059,3387.471877985373,3293.918791454668,1967.2559518542653,158.69255998370818,1783.1997082471914,3818.107731769098,9.678491079958208,4.541164836240874,37.72241992882562,2.7550791663838226,30.958328268180406,66.28659256543573,823.479697863667,1458.395001456376,1262,2,0
base,4,26,578,230,348,1572.5647752949114,3319.1017291836715,3315.1051632624844,2119.19342155134,217.04194712289882,1735.7247404019142,3807.2333124751885,9.537648647079516,4.518864296824458,39.792387543252595,3.768089359772549,30.13411007642212,66.09780056380535,828.7762908156211,1463.195186183886,1274,2,0
base,4,27,549,203,346,1489.8154374519725,3219.020721561088,3239.6341300431163,1852.0050888258472,372.2429343247623,1714.166772648191,3673.590293027042,9.303528096997365,4.3058249637340245,36.97632058287796,6.462550943138234,29.759839802919984,63.777609253941705,809.9085325107791,1459.5504595548582,1241,2,0
base,4,28,600,248,352,1511.150607268423,3318.996632343668,3191.779692275324,2297.073665984157,332.34690655425595,1804.0615622799448,3623.5915311658,9.428967705521783,4.2930414979216565,41.333333333333336,5.769911572122499,31.32051323402682,62.9095751938507,797.944923068831,1457.4045237219343,1304,2,0
base,4,29,596,244,352,1620.0971147809053,3375.2512131238677,3302.2786695094123,2249.6936943848536,224.8871219937687,1741.943293093116,3793.169584913122,9.588781855465534,4.602548621536663,40.939597315436245,3.904290312391818,30.24207106064437,65.85363862696393,825.5696673773531,1461.4345550148778,1300,2,0
base,5,0,592,161,431,2046.9127037353892,4194.79277351589,3903.963966494025,1453.8421211201812,442.06694440137284,2134.5949908095986,4623.338064789024,9.732697850384897,4.7492174100589075,27.195945945945947,6.139818672241289,29.647152650133314,64.21302867762535,780.792793298805,1459.0682696969945,1454,3,0
base,5,1,564,127,437,2116.2296770193416,4342.331584385572,4102.122291606795,1204.3836105099192,350.8801407748786,2215.8369630962507,4633.282896128867,9.93668554779307,4.842630839861194,22.5177304964539,4.873335288539981,30.775513376336818,64.35115133512315,820.4244583213591,1463.7192361061866,1438,3,0
base,5,2,602,159,443,2156.242810947182,4316.537780740044,4072.279490128928,1483.10803556998,383.28958256869754,2149.1662788457998,4667.544138585505,9.743877608894003,4.867365261731788,26.411960132890368,5.323466424565244,29.84953165063611,64.82700192479868,814.4558980257856,1465.5261771927571,1488,3,0
base,5,3,549,109,440,1855.6140457259148,4040.842983501644,4085.2680091823363,993.2012213989036,322.7041764712636,2176.2330905127515,4701.062733015988,9.183734053412827,4.217304649377079,19.854280510018217,4.482002450989773,30.225459590454882,65.29253795855539,817.0536018364672,1459.185121630647,1429,3,0
base,5,4,591,154,437,2280.6036108093876,4476.1475326430955,4034.498961675373,1421.8834772025377,281.26132178952685,2183.3910680356266,4735.347610174844,10.242900532364063,5.218772564781207,26.057529610829107,3.906407247076762,30.32487594493926,65.76871680798394,806.8997923350746,1463.4668241761303,1465,3,0
base,5,5,579,151,428,2231.491429956962,4377.510099136243,3938.6835005313023,1455.7519925784143,281.11930840490135,2141.1636335527255,4777.717058042382,10.227827334430476,5.21376502326393,26.07944732297064,3.904434838956963,29.73838379934341,66.35718136169974,787.7367001062605,1454.014240384217,1435,3,0
base,5,6,568,131,437,1916.6387817791203,4081.760178577258,4060.6947583898486,1216.5733552006038,475.63844156622474,2161.3011833383052,4563.060375095472,9.340412307957113,4.385901102469383,23.06338028169014,6.606089466197567,30.018071990809798,63.37583854299267,812.1389516779698,1470.6663047945187,1442,3,0
base,5,7,595,162,433,2230.0353579197017,4390.682967007812,4046.2057322542646,1512.9190077053404,262.5550031608881,2155.0170373654855,4782.427959473638,10.140145420341367,5.150197131454276,27.22689075630252,3.6465972661234454,29.930792185631745,66.42261054824498,809.241146450853,1468.1513361235777,1461,3,0
base,5,8,596,160,436,2126.0021303950543,4354.077666888736,4040.860021922104,1544.2546595512267,282.92772038338416,2211.913085897264,4705.159193719356,9.986416667176,4.876151675218015,26.845637583892618,3.9295516719914465,30.721015081906444,65.34943324610218,808.1720043844208,1468.3976312012958,1468,3,0
base,5,9,580,153,427,2342.130701991023,4516.7151764634655,3920.5348398000315,1469.27909796722,270.41624149479156,2158.679022596037,4770.904735909179,10.577787298509287,5.485083611220195,26.379310344827587,3.7557811318721055,29.981653091611626,66.26256577651638,784.1069679600063,1466.3063480503113,1434,3,0
base,5,10,542,102,440,1739.4278155353506,3921.046206763037,4090.7998633826282,956.6366139472404,477.9995272488585,2168.8456425084723,4553.154830242671,8.911468651734175,3.953245035307615,18.81918819188192,6.638882322900813,30.122856145951005,63.23826153114821,818.1599726765256,1460.2535631319656,1422,3,0
base,5,11,524,103,421,1764.8518309318463,3852.619979169348,3955.485908302404,968.7107598356794,633.0074403016188,2085.8248903409412,4481.167669357432,9.15111634006971,4.192047104351179,19.65648854961832,8.79177000418915,28.969790143624184,62.23843985218656,791.0971816604808,1454.5855671635645,1366,3,0
base,5,12,570,142,428,2068.9599300694,4239.712157189148,3941.957951529767,1260.0421151135724,407.17062850730247,2148.562577753903,4644.266793738799,9.905869526142869,4.8340185281995325,24.912280701754387,5.655147618156979,29.84114691324865,64.50370546859443,788.3915903059534,1463.0831165937354,1426,3,0
base,5,13,572,132,440,2030.711164738528,4215.433493829837,4081.439988458015,1225.9779672065627,299.15132667920113,2170.431316393461,4730.41735692735,9.580530667795085,4.615252647133018,23.076923076923077,4.154879537211127,30.14487939435363,65.70024106843542,816.287997691603,1469.8045779150484,1452,3,0
base,5,14,570,130,440,2219.877071275374,4381.29970647681,4044.981764958263,1232.2008198908234,254.5120792752502,2156.5749262862287,4788.912994438517,9.95749933290184,5.045175161989486,22.807017543859647,3.5348899899340305,29.95242953175318,66.51268047831273,808.9963529916525,1451.5051029024175,1450,3,0
base,5,15,599,147,452,2221.9450505092973,4434.192057497621,4247.602911189543,1356.1097068771458,292.16531704819135,2210.704339205996,4697.130343745823,9.810159419242524,4.915807633870127,24.540901502504173,4.057851625669325,30.704226933416614,65.2379214409142,849.5205822379087,1457.571499547171,1503,3,0
base,5,16,576,151,425,2240.8486114555362,4381.060830094964,3925.6014958386386,1406.6897132339168,367.88344200002166,2136.7068983723934,4695.409659627587,10.308378423752858,5.272584968130674,26.21527777777778,5.109492250000301,29.676484699616573,65.21402305038315,785.1202991677277,1464.1345653890955,1426,3,0
base,5,17,575,138,437,2084.17463648383,4239.522412372529,4082.787078176148,1314.997893537675,368.65781945873476,2141.5525310612975,4689.789649479969,9.70142428460533,4.76927834435659,24.0,5.120247492482427,29.743785153629133,65.13596735388846,816.5574156352296,1463.9078032354266,1449,3,0
base,5,18,592,154,438,2134.811679967985,4297.373453089939,4071.218848941336,1453.2029034455668,360.58492010362477,2142.653852712473,4696.761227183903,9.811354915730455,4.873999269333299,26.013513513513516,5.008123890328122,29.75908128767324,65.23279482199867,814.2437697882672,1468.3004045162384,1468,3,0
base,5,19,576,138,438,1980.626308412756,4165.826782959931,4111.275892119642,1286.8575267328717,505.5113777481066,2162.7641449591924,4531.724477292701,9.511020052419934,4.521977873088484,23.958333333333336,7.020991357612592,30.038390902211002,62.9406177401764,822.2551784239283,1468.9265556155117,1452,3,0
base,5,20,555,121,434,1885.3183102276423,4091.210936574993,3987.383736958625,1154.6065736915714,469.61929879825936,2191.26307261937,4539.11762858237,9.42675331008063,4.344051406054476,21.8018018018018,6.5224902610869355,30.4342093419357,63.043300396977365,797.476747391725,1464.5348065690087,1423,3,0
base,5,21,541,114,427,1721.0831261130077,3828.4085416922244,4020.9866931826427,1076.9773222035208,587.2421826422751,2095.97234948317,4516.785467874557,8.965827966492329,4.030639639608918,21.072088724584106,8.156141425587155,29.11072707615514,62.733131498257734,804.1973386365286,1467.0855915333902,1395,3,0
base,5,22,561,123,438,1900.6450565958908,4064.5146450491184,4079.240669035117,1166.2807164163837,451.90421983625015,2163.244163498146,4584.851616665599,9.279713801482005,4.339372275333084,21.92513368983957,6.276447497725697,30.045057826363138,63.678494675911104,815.8481338070235,1457.2920794933123,1437,3,0
base,5,23,598,169,429,2384.7494339478544,4528.284107906307,3956.1025238218476,1637.2038170443914,203.08133140290772,2130.9278304715926,4865.990838125504,10.555440810970413,5.558856489388938,28.26086956521739,2.8205740472626073,29.596219867661013,67.58320608507644,791.2205047643695,1466.9554911669445,1456,3,0
base,5,24,556,121,435,1821.0715348943547,3972.0514556938033,3988.807786386446,1175.9733995698025,380.44144990212,2129.3776070103418,4690.18094308753,9.131152771709893,4.186371344584724,21.762589928057555,5.283909026418334,29.57468898625475,65.1414019873268,797.7615572772892,1472.2154594766218,1426,3,0
base,5,25,562,132,430,2107.6460197344586,4324.288637170252,4034.184502288911,1226.9902410200227,309.5465620307609,2194.185957193835,4696.267480775399,10.056485202721515,4.901502371475485,23.487544483985765,4.299257805982791,30.47480496102548,65.22593723299165,806.8369004577822,1471.1487160116676,1422,3,0
base,5,26,578,140,438,2030.0072165777074,4200.393658880557,4107.344037344177,1326.9545474696472,345.5103403566331,2161.952378701242,4692.537280942121,9.589939860457893,4.634719672551843,24.22145328719723,4.79875472717546,30.02711637085059,65.17412890197389,821.4688074688354,1462.9829668147702,1454,3,0
base,5,27,549,125,424,2033.8649643658127,4154.121232376215,3956.4729775154665,1135.1662413534953,516.179903489371,2102.466801430117,4581.353295080502,9.797455736736355,4.796851331051445,22.768670309653917,7.169165326241264,29.200927797640514,63.62990687611808,791.2945955030933,1467.580474336275,1397,3,0
base,5,28,600,165,435,2031.5648618479067,4265.0716340449535,3967.218475853963,1521.6348824055183,466.8187652385575,2222.200598413832,4510.980636347602,9.804762377114836,4.670264050225073,27.500000000000004,6.483593961646632,30.86389720019211,62.65250883816114,793.4436951707926,1459.8756522024723,1470,3,0
base,5,29,596,157,439,2273.1062423648227,4498.656869349075,4074.345501048192,1477.626862846074,290.51261265529286,2212.3398217344047,4697.147565610303,10.24750995295917,5.17791854752807,26.34228187919463,4.0348973979901785,30.7269419685334,65.23816063347643,814.8691002096384,1460.832023120802,1474,3,0
base,6,0,592,99,493,1472.827764439895,3916.1655887317356,4437.737510995513,920.0685766186949,934.3096101486974,2424.0634480009985,5281.626941850305,7.943540747934555,2.98748025241358,16.722972972972975,10.813768635980294,28.056289907418964,61.129941456600754,739.6229184992521,1462.6934850478176,1578,3,0
base,6,1,564,73,491,1405.7790356022917,3909.9101716071496,4614.213110105635,692.2927920110752,1006.0526953947632,2491.8182337881835,5142.129070817051,7.963157172315987,2.863093758864138,12.943262411347517,11.64412841892087,28.840488816992867,59.51538276408623,769.0355183509391,1464.5743384028722,1546,3,0
base,6,2,602,101,501,1460.0155511258013,3905.578902367127,4605.219338457684,950.1681872412255,906.915551474444,2434.434660294258,5298.649788231297,7.79556667139147,2.914202696857887,16.77740863787375,10.496707771694954,28.176327086739093,61.326965141565935,767.536556409614,1464.371593598307,1604,3,0
base,6,3,549,59,490,1260.6408358302522,3699.2636116214508,4542.147353703828,536.3218768774136,918.0021479039367,2426.5351869448477,5295.462665151226,7.549517574737655,2.572736399653576,10.746812386156648,10.625024859999268,28.08489799704685,61.290077142954004,757.024558950638,1459.33866088508,1529,3,0
base,6,4,591,88,503,1565.6274766732856,4076.9942797931326,4641.394992696648,814.9874461812645,668.2570485063163,2497.0388647404934,5474.704086753185,8.105356421059906,3.1125794764876455,14.890016920473773,7.734456579934217,28.900912786348304,63.364630633717425,773.565832116108,1461.8166414519408,1597,3,0
base,6,5,579,97,482,1568.5308078824562,3971.250383286927,4483.178652409592,911.2568407001254,755.8541704011935,2397.8690479907227,5486.276781608072,8.239108679018521,3.2542132943619424,16.753022452504318,8.748312157421221,27.753113981374106,63.49857386120454,747.1964420682654,1454.0097321714106,1543,3,0
base,6,6,568,78,490,1378.6794638417625,3805.0769429656652,4549.605855489298,727.6622581011529,1062.3632229439297,2422.5772656640747,5155.0595113919935,7.765463148909521,2.81363155886074,13.732394366197184,12.295870635925112,28.03908872296383,59.665040641111034,758.2676425815497,1470.6663047945187,1548,3,0
base,6,7,595,93,502,1504.0352549773884,3980.885771757451,4683.994778112311,875.1299618472956,687.3056284314083,2471.7227761603444,5480.971595408257,7.9300513381622535,2.9960861652936024,15.630252100840336,7.954926254993151,28.607902501855836,63.43717124315111,780.6657963520519,1467.6485050206697,1599,3,0
base,6,8,596,95,501,1566.043229318974,4107.373758339973,4711.065784400333,874.0488970729939,653.8028904587759,2525.1680784245773,5461.029031116639,8.198350815049848,3.1258347890598284,15.939597315436242,7.56716308401361,29.22648238917335,63.20635452681296,785.1776307333888,1463.8991756506496,1598,3,0
base,6,9,580,82,498,1699.807480567271,4230.603066036402,4612.96846581616,776.8454719510888,635.0391001962676,2514.642248432747,5490.318651370976,8.495186879591168,3.4132680332676126,14.13793103448276,7.349989585604949,29.10465565315679,63.54535476123815,768.8280776360266,1462.9109219653515,1576,3,0
base,6,10,542,57,485,1130.4283008291745,3538.877232908364,4532.410816189013,515.0256611408547,1182.8174905800931,2400.9357725242653,5056.246736895646,7.296654088470854,2.330780001709638,10.516605166051662,13.690017252084411,27.788608478290104,58.521374269625525,755.4018026981688,1456.390780475275,1512,3,0
base,6,11,524,60,464,1124.6966586230951,3416.1104049554187,4360.488841222908,563.7078269151765,1329.4055907146123,2289.470488435767,5021.1239208496145,7.362306907231506,2.423915212549774,11.450381679389313,15.386638781419123,26.49850102356212,58.11486019501869,726.748140203818,1454.5855671635645,1452,3,0
base,6,12,570,88,482,1456.6949994034667,3875.9848958046023,4400.919035105087,801.0810315382532,959.5180044654564,2404.6582488216914,5275.823746712858,8.041462439428635,3.0221887954428768,15.43859649122807,11.10553245909093,27.831692694695505,61.06277484621364,733.4865058508477,1460.7814116714335,1534,3,0
base,6,13,572,77,495,1380.1015534284975,3842.0647216030047,4567.6018330606485,739.8161226039256,853.6708267942292,2453.512726683145,5332.816446522628,7.761746912329302,2.7880839463201967,13.461538461538462,9.880449384192467,28.39713804031418,61.72241257549338,761.2669721767747,1460.994408729953,1562,3,0
base,6,14,570,69,501,1366.3755848080896,3839.236401010069,4650.269549536761,626.9130353123254,740.3550651777722,2468.0131072867694,5431.631827535453,7.663146509002134,2.7272965764632526,12.105263157894736,8.568924365483474,28.564966519522795,62.86610911499368,775.0449249227935,1449.4011568750898,1572,3,0
base,6,15,599,88,511,1571.4646213526112,4081.2475259919192,4787.047808737289,816.6648093293998,798.5913213838652,2509.460477701734,5331.948200914406,7.986785765150527,3.0752732316098066,14.691151919866444,9.24295510860955,29.04468145488118,61.71236343650932,797.8413014562149,1456.3114641266657,1621,3,0
base,6,16,576,93,483,1460.0584882164246,3865.149427152703,4482.452601051433,849.838608021123,949.3344457087206,2401.585618669245,5289.079935622036,8.002379766361704,3.0228954207379393,16.145833333333336,10.987667195702786,27.796129845708855,61.21620295858838,747.0754335085721,1464.1345653890955,1542,3,0
base,6,17,575,85,490,1327.9304466773983,3744.9297915278066,4562.958314571515,834.8266571423044,963.6237492160639,2409.8590059181756,5266.517244865754,7.64271386026083,2.7100621360763233,14.782608695652174,11.153052652963702,27.891886642571478,60.95506070446475,760.4930524285859,1457.5566762308824,1555,3,0
base,6,18,592,95,497,1460.2568397019506,3906.5025860807027,4593.404960668327,931.0167917185779,847.3970871528765,2433.538225923305,5359.064686923821,7.860166169176464,2.9381425346115706,16.0472972972973,9.807836656861996,28.165951688927144,62.02621165421088,765.5674934447211,1468.8319018043935,1586,3,0
base,6,19,576,77,499,1337.0799715219741,3865.2313607278493,4690.164233797685,707.9691850548269,977.3260286303941,2516.538897822372,5146.135073547239,7.745954630717133,2.6795189810059603,13.368055555555555,11.31164384988882,29.126607613684858,59.56174853642637,781.6940389662808,1463.1435926130719,1574,3,0
base,6,20,555,71,484,1323.1825217963728,3789.7894524344656,4454.371015568031,687.6192950821642,1014.5029255449573,2459.5123600893667,5165.984714365668,7.830143496765425,2.733848185529696,12.792792792792792,11.741932008622191,28.466578241775075,59.79148974960263,742.3951692613385,1455.8371084422788,1523,3,0
base,6,21,541,69,472,1135.3303182006657,3472.634583082986,4435.56115133153,662.402864054634,1302.2923797564206,2331.065634279461,5006.641985964117,7.357276659074123,2.4053608436454783,12.754158964879853,15.072828469403015,26.97992632267895,57.94724520791803,739.2601918885883,1457.299189384484,1485,3,0
base,6,22,561,69,492,1228.2357875463983,3660.219624866382,4576.622985555089,668.8983998964137,1076.7742417907425,2431.6737068680577,5131.552051341203,7.439470782248744,2.4964142023300777,12.299465240641712,12.462664835541002,28.144371607269186,59.39296355718985,762.7704975925149,1454.7553133864153,1545,3,0
base,6,23,598,107,491,1593.675531485743,4008.2674116665316,4576.848093038315,1016.4582478279194,607.4665481990182,2407.4228929513556,5625.110558849623,8.163477416836113,3.2457750132092524,17.892976588628763,7.030862826377526,27.86369089064069,65.10544628298175,762.8080155063858,1459.630570256552,1580,3,0
base,6,24,556,71,485,1165.6468929706746,3561.6421914426633,4454.015874199638,710.7653117566072,1019.3215131263935,2374.192646907941,5246.485839965672,7.34359214730446,2.4033956556096383,12.769784172661872,11.797702698222148,27.479081561434498,60.72321574034343,742.335979033273,1472.972289749466,1526,3,0
base,6,25,562,71,491,1581.913559544647,4095.9358821257442,4581.215093100611,679.9596502083252,725.5349541819908,2490.71898644159,5423.746059376408,8.342028273168522,3.221819876873008,12.633451957295375,8.397395303032301,28.827766046777665,62.77483865018991,763.5358488501018,1472.3473183893734,1544,3,0
base,6,26,578,86,492,1341.8741719500338,3772.967152689105,4632.673490506072,801.6250943077482,943.7476942374811,2418.8921897375944,5277.36011602493,7.668632424164848,2.727386528353727,14.878892733564014,10.923005720341216,27.996437381222155,61.08055689843669,772.1122484176786,1460.7747000815987,1562,3,0
base,6,27,549,74,475,1305.8345251434669,3688.3622057558327,4417.5551546050765,674.0840642638883,1184.204847352572,2365.3842998571627,5090.410852790263,7.764973064749122,2.7491253160915092,13.479052823315119,13.70607462213625,27.37713310019864,58.916792277665074,736.2591924341795,1468.3092956966736,1499,3,0
base,6,28,600,106,494,1518.8569509540623,4059.0084981527007,4510.224080913859,978.6292773456217,999.2516407555987,2534.3440058476367,5106.404353396764,8.216616393021662,3.074609212457616,17.666666666666668,11.565412508745355,29.332685252866163,59.10190223838847,751.7040134856433,1460.7084857996379,1588,3,0
base,6,29,596,95,501,1526.1376129659473,4027.143182599976,4649.871181084531,902.1011828097321,731.3732065035256,2495.5029970642404,5413.123796432219,8.038209945309333,3.0461828602114718,15.939597315436242,8.46496766786488,28.88313654009537,62.65189579203957,774.9785301807551,1457.4301031869556,1598,3,0
base,7,0,592,46,546,1295.24426184575,4017.749395202088,4959.411412360116,398.3946752540921,1523.4805126938215,2702.447575200141,5854.071912106032,7.358515375828,2.372242237812729,7.77027027027027,15.113893975137119,26.809995785715685,58.07611023914714,708.4873446228737,1466.1121957936052,1684,4,0
base,7,1,564,26,538,1153.6768546562344,3903.575662402877,5066.664918174514,239.84098394219941,1659.154144777299,2739.2479945549067,5681.597860667794,7.255716844615012,2.144380770736495,4.609929078014184,16.45986254739384,27.17507931106058,56.365058141545575,723.8092740249306,1456.450153232721,1640,4,0
base,7,2,602,48,554,1393.6120101487575,4108.197256373605,5113.575893313792,441.8116323851136,1580.927863578431,2699.7143835195575,5799.357752902002,7.415518513309757,2.5155451446728474,7.973421926910299,15.683808170420942,26.7828807888845,57.53331104069447,730.5108419019704,1464.8230033513505,1710,4,0
base,7,3,549,20,529,954.3182183093882,3571.298579626792,4880.969147455971,197.50008312526745,1745.6007371777193,2607.324838034512,5727.074424787777,6.751037012527017,1.8040041934014899,3.642987249544627,17.317467630731343,25.86631783764397,56.81621453162477,697.2813067794244,1459.185121630647,1607,4,0
base,7,4,591,28,563,1361.3892949814256,4183.242525810342,5215.149959323693,241.23247955421834,1221.6527496649896,2799.7453452987193,6058.601905036287,7.43027091618178,2.4180982148870793,4.737732656514383,12.119570929216167,27.775251441455552,60.105177629328246,745.0214227605276,1464.7050236684802,1717,4,0
base,7,5,579,36,543,1515.2966641040068,4207.497925491179,5053.501231697241,340.93426141247556,1343.0219441094323,2687.3507339734233,6049.627321917137,7.748614964072152,2.790601591351762,6.217616580310881,13.323630397911035,26.66022553545063,60.01614406663827,721.9287473853201,1454.0097321714106,1665,4,0
base,7,6,568,34,534,1205.9154826687218,3828.416382694723,4968.656241901695,308.611871688758,1775.9849294865219,2618.680686566172,5685.334383947302,7.169319068716709,2.258268694136183,5.985915492957746,17.618898109985338,25.978975065140595,56.402126824874024,709.808034557385,1470.6663047945187,1636,4,0
base,7,7,595,37,558,1294.443408825721,4048.5537988886026,5213.827070380259,345.2976695793443,1286.3139256536988,2748.9826494431627,6044.7034249031385,7.255472757864879,2.3197910552432277,6.218487394957983,12.761050849739075,27.271653268285345,59.96729588197558,744.8324386257513,1467.6485050206697,1711,4,0
base,7,8,596,48,548,1195.6022293564638,3969.700497373997,5128.737400798905,456.3772806744214,1344.8428654423567,2761.7831010218956,5973.374033535745,7.243979009806564,2.181755892986248,8.053691275167784,13.341695093674174,27.398641875217216,59.25966303110858,732.6767715427006,1460.3741532411595,1692,4,0
base,7,9,580,24,556,1525.0022517684076,4342.023303259646,5160.365264840406,229.44867292684728,1115.3199172828904,2803.947361855222,6160.732720861886,7.809394430323104,2.7428098053388625,4.137931034482759,11.064681719076294,27.816938113643076,61.11838016728062,737.1950378343437,1471.2632049646074,1692,4,0
base,7,10,542,18,524,926.1919768257643,3541.0794278980093,4874.951406371358,172.48507095851164,2028.07722843247,2607.3742915173216,5444.548480050204,6.757785167744292,1.7675419405071837,3.3210332103321036,20.119813774131647,25.866808447592476,54.01337777827583,696.4216294816225,1456.390780475275,1590,4,0
base,7,11,524,24,500,869.9783440950306,3346.624156885161,4701.88483759295,222.31183054513647,2156.3378280496827,2474.7025548935735,5448.959617056743,6.693248313770322,1.7399566881900612,4.580152671755725,21.392240357635742,24.550620584261644,54.05713905810261,671.69783394185,1454.5855671635645,1524,4,0
base,7,12,570,37,533,1224.7910572520416,3926.1353461230233,4855.207796524854,346.7922701184832,1557.6737709111824,2683.7703201930067,5838.555908895807,7.366107591225185,2.2979194319925735,6.491228070175438,15.453112806658556,26.624705557470303,57.922181635871105,693.6011137892648,1457.7858993124114,1636,4,0
base,7,13,572,27,545,1302.7349881285302,4022.4133845192555,5047.065378911588,260.3525767529842,1551.7027198108196,2700.0151493185913,5828.282130870579,7.380575017466524,2.390339427758771,4.72027972027972,15.393876188599402,26.785864576573324,57.820259234827176,721.0093398445125,1471.5093408984424,1662,4,0
base,7,14,570,20,550,1093.1081566125083,3792.261979858326,5084.890417155763,192.29216769331956,1431.2271588197511,2699.153823245813,5949.619017934432,6.895021781560593,1.987469375659106,3.508771929824561,14.198682131148324,26.777319675057665,59.02399819379397,726.4129167365376,1448.9590370867095,1670,4,0
base,7,15,599,34,565,1508.1842405531502,4299.956057383286,5295.754439065861,307.9581790008237,1390.706031537241,2791.77181683014,5897.5221516326255,7.610541694483692,2.6693526381471684,5.676126878130217,13.796686820805961,27.696148976489482,58.50716420270462,756.5363484379802,1451.5590908036995,1729,4,0
base,7,16,576,39,537,1406.6071726021903,4103.331595706681,4966.2776005773885,366.01360849516607,1416.9515382628551,2693.2191028374623,5969.82935889969,7.641213399826221,2.619380209687505,6.770833333333333,14.05705891133785,26.71844348053038,59.22449760813184,709.4682286539127,1464.1345653890955,1650,4,0
base,7,17,575,31,544,1131.2932700052672,3799.1197320228175,5092.034933657775,305.75003805604246,1601.8580895049424,2661.4195190153328,5816.722391479723,6.98367597798312,2.079583216921447,5.391304347826087,15.89144930064427,26.402971418802906,57.70557928055281,727.4335619511106,1457.5566762308824,1663,4,0
base,7,18,592,34,558,1420.2817623705773,4162.074934836657,5206.1681043252465,318.25364806166215,1380.084153645275,2717.5459775514782,5982.369868803245,7.458915653829135,2.545307817868418,5.743243243243244,13.691311048068203,26.959781523328157,59.34890742860362,743.7383006178924,1473.8326744450517,1708,4,0
base,7,19,576,38,538,1095.2332749378086,3801.5724329096456,5036.648456893394,361.48496195912173,1715.0914042609818,2696.3542735027736,5668.554322236248,7.0661197637725754,2.035749581668789,6.597222222222222,17.01479567719228,26.749546364114817,56.23565795869293,719.5212081276277,1463.1435926130719,1652,4,0
base,7,20,555,25,530,1067.4181406953437,3744.9501731486407,4889.110624921055,252.8796857291449,1778.9641038082389,2663.3935675310495,5637.642328660708,7.065943722921964,2.013996491878007,4.504504504504505,17.64845341079602,26.422555233442953,55.92899135576099,698.4443749887222,1456.4326146736958,1615,4,0
base,7,21,541,28,513,1020.9639197249394,3554.7862529557297,4834.34955388884,263.614461497327,2040.24318637879,2529.145080051202,5510.611733570016,6.929407900498498,1.9901830793858468,5.175600739371535,20.240507801376882,25.09072500050796,54.66876719811524,690.6213648412629,1457.8301319554319,1567,4,0
base,7,22,561,28,533,1105.4533499077622,3764.531812292571,4968.797461250296,276.7239242012107,1856.5137446281162,2658.7683319328826,5564.717923439002,7.062911467715893,2.0740212943860454,4.991087344028521,18.417795085596392,26.37666995965161,55.20553495475201,709.8282087500422,1453.8336208464766,1627,4,0
base,7,23,598,52,546,1480.856522582083,4171.08428150863,5103.423111567132,489.88322929910373,1115.6441114325974,2685.1334688928364,6279.222419674553,7.639348500931557,2.7121914333005184,8.695652173913043,11.067897930878942,26.63822885806385,62.29387321105707,729.0604445095903,1456.5675283245084,1690,4,0
base,7,24,556,22,534,944.1309392698831,3596.056266115478,4938.36951976401,226.4116661922372,1721.4425835512563,2623.0663875437695,5735.491028904975,6.734187764261195,1.768035466797534,3.9568345323741005,17.07780340824659,26.022484003410412,56.89971258834301,705.4813599662872,1469.7367517174337,1624,4,0
base,7,25,562,25,537,1188.1798865572025,3925.603693739814,5036.848029009373,224.3267142995594,1380.0027782176232,2717.951205726602,5982.046016055775,7.310248964133732,2.212625487071141,4.448398576512456,13.69050375215896,26.96380164411312,59.34569460372793,719.5497184299104,1471.3169349736493,1636,4,0
base,7,26,578,41,537,1143.9359288268656,3804.5238199744645,5064.946744577696,369.35184023612527,1626.1099616297913,2653.9045495152595,5799.985488854951,7.084774338872373,2.130234504333083,7.093425605536333,16.13204327013682,26.32841814995297,57.53953857991022,723.5638206539567,1457.7400357343577,1652,4,0
base,7,27,549,25,524,1029.0920747475502,3645.8218005593612,4854.151019405282,237.48819946368553,1889.0335626653803,2599.9689998986446,5590.997437435976,6.957675191907178,1.9639161731823478,4.553734061930783,18.740412328029564,25.793343252962742,55.4662444190077,693.4501456293259,1461.7211369763254,1597,4,0
base,7,28,600,44,556,1493.0025600719073,4350.353473838513,5079.212340611409,409.6410176480742,1520.8693693958705,2850.0559971480943,5709.074633456029,7.824376751508117,2.6852564030070276,7.333333333333333,15.087989775752684,28.274365051072365,56.63764517317489,725.601762944487,1456.4915967260465,1712,4,0
base,7,29,596,34,562,1340.2013225752105,4152.415409017625,5238.11701114848,313.85535274578336,1256.0172705604712,2806.711513872629,6017.271215566907,7.388639517824956,2.3846998622334707,5.704697986577181,12.46048879524277,27.844360256672907,59.6951509480844,748.3024301640686,1457.4301031869556,1720,4,0
base,8,0,592,17,575,895.6099514639463,3763.4184719773057,5201.429855467223,156.37623214698542,2449.9994034180563,2850.949991401912,6219.050605180024,6.545075603438793,1.557582524285124,2.871621621621622,21.267355932448407,24.74782978647493,53.984814281076595,650.1787319334029,1462.6934850478176,1742,5,0
base,8,1,564,6,558,586.1706215343586,3439.3932266866227,5259.660229656241,46.84567246047091,2788.378349899368,2833.780211423841,5897.841438676787,6.163787144599683,1.0504849848285995,1.0638297872340425,24.20467317620979,24.59878655749862,51.19654026629156,657.4575287070302,1463.1724791820618,1680,5,0
base,8,2,602,16,586,1057.964809754885,3949.6902131616816,5404.8685796709715,150.51894602793553,2469.3953493788385,2870.9054828848134,6179.69916773635,6.740085687989218,1.8054006992404181,2.6578073089700998,21.43572351891353,24.921054538930672,53.64322194215582,675.6085724588714,1461.9410378649902,1774,5,0
base,8,3,549,4,545,619.8357351157612,3317.95706886432,5044.3139388467835,34.15529173445662,2907.6997675693397,2692.387850311913,5919.912382118753,6.087994621769394,1.1373132754417636,0.7285974499089253,25.24044937126163,23.37142231173536,51.388128317003066,630.5392423558479,1459.185121630647,1639,5,0
base,8,4,591,5,586,782.0459422935033,3725.314816756373,5415.08397586157,41.29846301633953,2290.017303459211,2924.9026766126563,6305.080019928132,6.35719252006207,1.3345493895793572,0.8460236886632826,19.878622425861206,25.389780178929307,54.73159739520948,676.8854969826963,1464.1152466681992,1763,5,0
base,8,5,579,5,574,1049.1359322474145,3889.065026501724,5346.909878311718,47.52561479799679,2304.3273550135714,2835.0785668405615,6380.594078145869,6.775374610630181,1.8277629481662274,0.8635578583765112,20.002841623381695,24.610057003824316,55.387101372794,668.3637347889647,1454.0097321714106,1727,5,0
base,8,6,568,9,559,740.1739644317097,3495.6543793431288,5189.963106808206,87.30500678224388,2824.3498283753243,2751.660201451594,5943.989970173074,6.253406760900051,1.3241036930799817,1.584507042253521,24.516925593535802,23.88593924871175,51.59713515775237,648.7453883510258,1470.6663047945187,1686,5,0
base,8,7,595,12,583,846.5895607142269,3732.0037001272167,5444.766302670259,114.35843728934414,2313.901134202679,2880.286398793272,6325.812467004043,6.401378559394883,1.4521261761822073,2.0168067226890756,20.085947345509364,25.00248610063604,54.91156655385454,680.5957878337824,1467.6485050206697,1761,5,0
base,8,8,596,23,573,912.2049527621919,3816.3185585716456,5367.689710775728,217.42497069759702,2361.9730071358267,2895.469827541593,6262.557165322566,6.660241812515961,1.5919807203528653,3.859060402684564,20.50323790916516,25.134286697409664,54.36247539342506,670.961213846966,1458.8499202033354,1742,5,0
base,8,9,580,5,575,772.5521172998046,3682.477167162164,5341.573998558105,48.2399392091494,2245.7784744260352,2904.114126020337,6370.1073995536,6.404308116803763,1.3435688996518342,0.8620689655172413,19.494604812726,25.209324010593203,55.29607117668055,667.6967498197631,1467.4948212259403,1730,5,0
base,8,10,542,3,539,615.0755913324382,3294.942416349153,5020.495440968082,26.94103636178596,3241.9579157346616,2672.3536654617865,5605.688418803542,6.113065707512344,1.1411420989470096,0.5535055350553505,28.141995796307828,23.197514457133565,48.660489746558525,627.5619301210103,1456.390780475275,1620,5,0
base,8,11,524,4,520,560.0979253174918,3137.7351528622357,4886.786572339017,37.41009579907142,3280.7534101137016,2575.6939696481904,5663.552620238103,6.0341060631966075,1.0771113948413304,0.7633587786259541,28.478762240570326,22.35845459764054,49.16278316178909,610.8483215423771,1454.5855671635645,1564,5,0
base,8,12,570,13,557,788.8728605132513,3622.294851420692,5084.232107977504,117.7679586658361,2546.1187490148277,2821.2078237840165,6152.673427201152,6.503222354435713,1.4162887980489252,2.280701754385965,22.101725251864824,24.489651248125142,53.40862350001,635.529013497188,1457.0330513949095,1684,5,0
base,8,13,572,4,568,858.1512042702906,3691.505385623099,5266.883754935902,40.534200728666264,2605.3683272552803,2821.2296326146334,6093.402040130078,6.499129200040667,1.5108295849829059,0.6993006993006993,22.616044507424306,24.489840560890915,52.8941149316847,658.3604693669878,1466.9057298879275,1708,5,0
base,8,14,570,3,567,559.3611703299241,3353.309864420609,5247.819854023272,29.362730825811347,2610.366314007005,2793.9486940906822,6115.684991902306,5.914126745009892,0.9865276372661801,0.5263157894736842,22.659429809088582,24.25302685842606,53.087543332485296,655.977481752909,1448.9590370867095,1704,5,0
base,8,15,599,11,588,912.3083285023494,3804.3109150414125,5509.227091927814,94.48552613887063,2459.079435423372,2892.002586539063,6168.917978037569,6.469916522179273,1.5515447763645398,1.8363939899833055,21.346175654716774,25.1041891192627,53.54963522602056,688.6533864909768,1451.1782742397234,1775,5,0
base,8,16,576,9,567,986.6270626774068,3826.8665681692523,5249.315569807364,82.97563926518924,2417.4603330613427,2836.734185224814,6265.805481713847,6.749323753384925,1.7400830029583894,1.5625,20.984898724490822,24.62442869118762,54.390672584321585,656.1644462259205,1464.1345653890955,1710,5,0
base,8,17,575,7,568,883.1885404484573,3683.591399878176,5336.864991434664,60.91998027915457,2644.9616459203767,2793.9959164275037,6081.042437652117,6.485196126546085,1.5549094021979881,1.2173913043478262,22.95973650972549,24.253436774544305,52.786826715730186,667.108123929333,1457.5566762308824,1711,5,0
base,8,18,592,7,585,934.5210636774984,3805.250981913614,5466.113903758539,58.307848628372085,2402.033624755053,2840.714167458806,6277.252207786145,6.5047025331856645,1.5974719037222196,1.1824324324324325,20.850986325998726,24.658977148079913,54.49003652592139,683.2642379698174,1472.9570888274873,1762,5,0
base,8,19,576,20,556,820.3665484013011,3620.1549367577863,5209.994542031003,188.13887682151082,2828.5541191136476,2789.8035038874195,5901.642376998926,6.511070030139903,1.4754794035994623,3.4722222222222223,24.553421172861526,24.217044304578295,51.229534522560115,651.2493177538754,1463.1435926130719,1688,5,0
base,8,20,555,6,549,692.0402675809257,3464.9433016113335,5081.469867712263,60.520442937938334,2891.931574482127,2761.8568509250035,5866.211574592869,6.311372134082575,1.2605469354843821,1.0810810810810811,25.10357269515735,23.97445183094621,50.92197547389643,635.1837334640329,1453.5755433049842,1653,5,0
base,8,21,541,9,532,674.4721380758405,3292.4117768143597,5012.900846716244,85.06316866992196,3159.1868791200372,2614.2913002401037,5746.5218206398695,6.188743941380375,1.267804770819249,1.6635859519408502,27.42349721458366,22.69350087013979,49.883001915276644,626.6126058395305,1456.15320964588,1605,5,0
base,8,22,561,6,555,596.9197444123666,3357.190483837183,5182.652422667225,62.8689627842781,2983.8180939868753,2759.960608972889,5776.221297040243,6.048991862769699,1.0755310710132733,1.06951871657754,25.90119873252496,23.957991397334105,50.140809870141,647.8315528334032,1453.4118659943504,1671,5,0
base,8,23,598,18,580,1002.6921726451505,3857.966623101519,5426.994281696802,166.31205916943185,2077.4859098156676,2851.8000115827326,6590.714078601588,6.651666591554343,1.7287796080088802,3.0100334448160537,18.03373185603878,24.755208433877886,57.211059710083234,678.3742852121003,1457.1431972177659,1758,5,0
base,8,24,556,6,550,659.5510533880051,3386.1935963753967,5102.624292087997,62.15689386825088,2882.2228833207896,2710.1621429419592,5927.614973737244,6.156715629773449,1.1991837334327367,1.079136690647482,25.01929586215963,23.525713046371173,51.45499109146914,637.8280365109996,1463.997814420466,1656,5,0
base,8,25,562,7,555,645.9015159485826,3482.7680642913842,5194.005941469218,67.16880183971038,2507.9225812100303,2824.894144447825,6187.183274342139,6.27525777349799,1.1637865152226714,1.2455516014234875,21.770161295225957,24.521650559442925,53.70818814533107,649.2507426836522,1467.597101275928,1672,5,0
base,8,26,578,14,564,878.824562439811,3671.6669020013514,5303.9926179217155,130.3059668921025,2703.386008607335,2789.353120810082,6027.260870582597,6.510047698583956,1.558199578793991,2.422145328719723,23.46689243582756,24.213134729254186,52.319972834918374,662.9990772402144,1454.6195840668267,1706,5,0
base,8,27,549,5,544,675.6155592968923,3388.273015480952,5045.443787187253,46.19543168171423,3012.7595129277347,2694.506017778439,5812.734469293814,6.228443043163515,1.2419403663545816,0.9107468123861567,26.152426327497697,23.389809182104504,50.45776449039769,630.6804733984067,1464.728730321228,1637,5,0
base,8,28,600,13,587,964.0817854396741,3989.3253255470777,5370.573883981938,118.2794742775425,2451.247883046174,3006.7450711584825,6062.007045795341,6.796124915753113,1.6423880501527668,2.166666666666667,21.278193429220263,26.100217631584048,52.62158893919566,671.3217354977422,1460.5606234664233,1774,5,0
base,8,29,596,10,586,688.2148470615307,3628.5196910372733,5448.360856033385,103.61150786087964,2307.2833213078466,2934.802271405951,6277.914407286187,6.192013124636985,1.1744280666579021,1.6778523489932886,20.0285010530195,25.475714161509995,54.49578478547038,681.0451070041731,1457.4301031869556,1768,5,0
base,9,0,592,4,588,483.30177272788575,3409.2280689953323,5317.270787594248,40.53530001995895,3694.9007505778586,2913.74735871783,6351.351890704309,5.7980069200600886,0.8219417903535472,0.6756756756756757,28.510036655693355,22.482618508625233,49.0073448356814,590.8078652882498,1461.8431601293287,1768,5,0
base,9,1,564,3,561,223.11205374776677,3097.3254389494464,5281.660410693002,24.845491423710534,4174.662188793137,2860.358281118766,5924.979530088089,5.52107921381363,0.39770419562881776,0.5319148936170213,32.21189960488531,22.070665749373195,45.71743464574142,586.8511567436668,1459.3701017681633,1686,5,0
base,9,2,602,7,595,554.8250671376417,3484.546399075465,5490.974300074606,64.41322562430278,3788.6500155694916,2910.4021302126275,6260.947854217887,5.85638050264784,0.9324791044330112,1.1627906976744187,29.233410613962125,22.45680656028262,48.3097828257553,610.1082555638451,1461.2072167663193,1792,5,0
base,9,3,549,0,549,274.8161459454181,2989.4570764847895,5078.46923058124,0.0,4270.729545574854,2708.9074471027266,5980.3630073224285,5.4452770063475215,0.5005758578240767,0.0,32.95316007388004,20.902063635051903,46.144776291068126,564.274358953471,1459.185121630647,1647,5,0
base,9,4,591,2,589,313.2380274047613,3272.5399040989046,5440.5504793121245,15.831959565784073,3690.6366296460587,2942.0260501316534,6327.337320222289,5.556094913580483,0.5318132893119886,0.338409475465313,28.477134488009714,22.700818288052883,48.82204722393742,604.5056088124583,1462.979075372127,1769,5,0
base,9,5,579,0,579,432.0524450667115,3292.894875912556,5394.435493109715,0.0,3640.756876098332,2855.9919034320937,6463.251220469579,5.687210493804069,0.7462045683362893,0.0,28.09225984643775,22.036974563519244,49.87076559004304,599.381721456635,1454.0097321714106,1737,5,0
base,9,6,568,2,566,372.71426299419363,3159.3440504115592,5260.275286890367,16.99282670008136,4147.51984223593,2782.809573957532,6029.67058380653,5.5818799477236025,0.6585057650074092,0.35211267605633806,32.00246791848711,21.472296095351325,46.5252359861615,584.4750318767075,1470.6663047945187,1700,5,0
base,9,7,595,3,592,427.2894313787092,3352.196216160237,5523.671184482833,35.4535554767705,3603.562313045131,2919.779044161805,6436.658642793054,5.662493608378779,0.7217726881397115,0.5042016806722689,27.8052647611507,22.52915929137195,49.66557594747727,613.7412427203149,1467.6485050206697,1779,5,0
base,9,8,596,13,583,554.7343678303785,3515.4943585317224,5465.511674877403,119.60300659592279,3613.6901178515236,2952.1162124334896,6394.193669714982,6.03000747604069,0.9515169259526217,2.1812080536912752,27.883411403175334,22.778674478653468,49.33791411817116,607.2790749863781,1458.8499202033354,1762,5,0
base,9,9,580,0,580,311.8908203880011,3246.6662863730535,5389.813937767256,0.0,3586.1690380811992,2930.7585528890195,6443.072409029772,5.597700493746644,0.5377427937724156,0.0,27.671057392601845,22.613877722909102,49.71506488448898,598.8682153074728,1466.88863262898,1740,5,0
base,9,10,542,0,542,265.76146789888605,2958.0754832247594,5047.436477329868,0.0,4623.683125169583,2684.8008557709436,5651.516019059476,5.457703843588117,0.490334811621561,0.0,35.67656732383938,20.71605598588691,43.60737669027374,560.8262752588741,1456.390780475275,1626,5,0
base,9,11,524,0,524,267.37768153490197,2863.224757285976,4924.196668138089,0.0,4652.089686752092,2593.9038178545215,5714.00649539339,5.464169384133542,0.5102627510208053,0.0,35.895753755803185,20.014689952581186,44.089556291615665,547.1329631264543,1454.5855671635645,1572,5,0
base,9,12,570,5,565,363.5617013845711,3235.779135672408,5147.170474722195,54.82959192114477,3876.9155473484616,2862.606785371232,6220.4776672803155,5.727042718004261,0.6434720378487985,0.8771929824561403,29.914471815960354,22.08801531922247,47.997512864817246,571.9078305246883,1457.0330513949095,1700,5,0
base,9,13,572,0,572,359.31244096661726,3208.5235955281296,5307.417955664569,0.0,3955.024083221535,2846.2141292531146,6158.76178752537,5.609306985189038,0.6281686030884918,0.0,30.517161135968635,21.961528775101193,47.52131008893032,589.713106184952,1463.6227986558263,1716,5,0
base,9,14,570,0,570,203.2975401523567,3014.0088115781386,5277.1825848490835,0.0,4004.6841033053943,2810.7112714257787,6144.604625268816,5.287734757154629,0.35666235114448547,0.0,30.900340303282363,21.687586970877923,47.41207272583963,586.353620538787,1448.9590370867095,1710,4,0
base,9,15,599,5,594,401.2063792528879,3316.255477616711,5563.329091475534,40.383526591149725,3831.506531342019,2915.049098363824,6213.444370294167,5.582921679489412,0.6754316149038517,0.8347245409015025,29.5640936060341,22.492662796017164,47.94324359794882,618.147676830615,1448.8943972047975,1787,5,0
base,9,16,576,1,575,459.05441536200834,3339.2087543228504,5320.944159770688,11.347049301866932,3762.142330237964,2876.649018693813,6321.208651068223,5.807319572735392,0.7983555049774058,0.1736111111111111,29.02887600492256,22.196365884983127,48.77475811009431,591.2160177522987,1464.1345653890955,1726,5,0
base,9,17,575,2,573,406.81462724339826,3229.523334829699,5379.650518910945,18.134452802874485,4008.1192625145086,2816.3017645840832,6135.5789729013995,5.636166378411342,0.7099731714544473,0.34782608695652173,30.92684616137738,21.730723492161136,47.34243034646142,597.7389465456605,1457.5566762308824,1721,5,0
base,9,18,592,1,591,406.07583982019355,3305.964660348421,5514.591294045787,9.830458341123729,3739.097562015375,2871.7488256313827,6349.153612353245,5.593848833076855,0.6870995597634408,0.16891891891891891,28.85106143530382,22.15855575332857,48.99038281136763,612.7323660050874,1471.0601026986499,1774,5,0
base,9,19,576,11,565,471.65726916200845,3325.727464843595,5294.6524682683075,103.48095058420643,4123.181542485614,2844.085311212518,5992.733146301866,5.8862433006081325,0.8347916268354132,1.9097222222222223,31.814672395722333,21.94510270997313,46.240224894304525,588.2947186964786,1463.1435926130719,1706,5,0
base,9,20,555,1,554,295.7860153323124,3095.520576628066,5131.431344646657,10.558966003545667,4243.4034104382545,2788.8246805436384,5927.77190901812,5.587582268281707,0.5339097749680729,0.18018018018018017,32.74231026572727,21.518708954812023,45.7389807794608,570.159038294073,1452.4653794346,1663,5,0
base,9,21,541,5,536,340.18667414902256,2978.3274311708437,5052.943482226059,45.02053316010776,4536.897271312485,2634.4924185234067,5788.610310164118,5.556581028303813,0.6346766308750421,0.9242144177449169,35.00692338975683,20.327873599717645,44.66520301052561,561.4381646917843,1456.15320964588,1613,5,0
base,9,22,561,3,558,243.55213395210254,3018.1298919284536,5213.146794441297,32.37459101020792,4366.613854863816,2774.267627524422,5819.118517611765,5.408834931771422,0.4364733583371013,0.53475935828877,33.6930081393813,21.406386014848934,44.90060584576979,579.2385327156996,1450.737949546516,1677,5,0
base,9,23,598,10,588,502.3289859309635,3404.708551165403,5491.947241647141,101.35909921909482,3385.362730943516,2898.967241728535,6675.6700273279475,5.790320665247284,0.8543009964812304,1.6722408026755853,26.121626010366633,22.36857439605351,51.50979959357984,610.2163601830157,1456.5675283245084,1774,5,0
base,9,24,556,2,554,320.8279513636335,3058.610321681992,5143.092291610561,21.68889434568657,4264.241114701588,2725.826154595038,5969.932730703361,5.520957259353776,0.5791118255661254,0.3597122302158274,32.90309502084559,21.032609217554306,46.06429576160001,571.4546990678401,1462.8100119624457,1664,5,0
base,9,25,562,2,560,328.51898442116146,3194.4736415543694,5241.960734218929,19.214009090000744,3879.6433756030156,2855.7877607898254,6224.568863607151,5.704417217061374,0.5866410436092169,0.3558718861209964,29.93551987348006,22.03539938881038,48.02908073770949,582.440081579881,1467.597101275928,1682,5,0
base,9,26,578,1,577,410.2191009306485,3263.828778966382,5422.760736366819,11.537848447000037,3947.6650785525258,2850.120459284275,6162.214462163195,5.65654901034035,0.7109516480600494,0.17301038062283738,30.460378692534924,21.991670210526813,47.547951096938235,602.5289707074244,1454.6195840668267,1732,5,0
base,9,27,549,2,547,353.8382530714149,3079.6415844858802,5071.419329263113,20.219889605854505,4372.219634778084,2716.771193428374,5871.00917179353,5.630057741290457,0.6468706637503014,0.36429872495446264,33.73626261402842,20.962740690033748,45.300996695937734,563.4910365847903,1461.8993459098906,1643,5,0
base,9,28,600,3,597,455.9179582138249,3525.298699177789,5465.350839707529,23.502518551952775,3744.0947296714457,3052.4380991885855,6163.467171139974,5.905022946696464,0.763681672049958,0.5,28.889619827711773,23.552763111023037,47.55761706126523,607.2612044119477,1460.14043836127,1794,5,0
base,9,29,596,4,592,316.05352705859764,3283.0467705287474,5504.7529594258085,47.219404468456176,3661.622798774937,2961.4906709003667,6336.886530324697,5.545687112379641,0.5338742011124961,0.6711409395973155,28.253262336226364,22.85100826312011,48.89572940065353,611.6392177139787,1457.4301031869556,1780,5,0
base,10,0,592,0,592,229.7699042756609,3179.3872238994154,5357.806087614207,0.0,5067.858600158557,2939.048603307029,6393.092796534411,5.370586526857121,0.38812483830348127,0.0,35.193462501101095,20.410059745187702,44.39647775371119,535.7806087614207,1461.1672363929247,1776,5,0
base,10,1,564,0,564,101.33468273511886,2988.9365511310925,5306.505902116712,0.0,5564.047868036239,2880.3490637805485,5955.6030681832035,5.299532892076405,0.17967142328921784,0.0,38.63922130580722,20.002424054031586,41.35835464016114,530.6505902116712,1458.7684117056415,1692,6,0
base,10,2,602,1,601,334.80280383501713,3295.0083269533025,5547.802633454394,7.5848922445164195,5099.45509374663,2944.7376974456793,6355.807208807684,5.482542973300004,0.5570762127038554,0.16611295681063123,35.412882595462705,20.449567343372774,44.13755006116447,554.7802633454394,1456.9337132711778,1804,6,0
base,10,3,549,0,549,102.24345090543852,2816.884381444809,5078.46923058124,0.0,5705.426036288878,2708.907447102729,5985.666516608386,5.130936942522421,0.18623579399897727,0.0,39.62101414089499,18.811857271546728,41.56712858755823,507.84692305812393,1459.185121630647,1647,4,0
base,10,4,591,0,591,153.16932625532215,3121.67999510583,5456.382438877908,0.0,5107.7121395832,2951.866259885551,6340.421600531255,5.282030448571625,0.25916975677719484,0.0,35.47022319155,20.499071249205215,44.03070555924483,545.6382438877907,1459.6154549514558,1773,5,0
base,10,5,579,0,579,142.9704139224495,3003.812844768295,5394.435493109714,0.0,5080.756876098332,2855.99190343209,6463.251220469582,5.187932374383929,0.24692644891614765,0.0,35.283033861793974,19.833277107167294,44.88368903103876,539.4435493109714,1454.0097321714106,1737,3,0
base,10,6,568,0,568,154.98437183457028,2954.3492903715155,5277.268113590449,0.0,5564.913811597955,2795.5447050771127,6039.541483324918,5.201319173189288,0.27285980956790545,0.0,38.645234802763575,19.41350489636884,41.941260300867484,527.7268113590449,1470.6663047945187,1704,6,0
base,10,7,595,0,595,186.81048768716246,3125.0526997026554,5559.124739959604,0.0,5005.016903311513,2933.1144713957688,6461.868625292709,5.252189411264967,0.3139672061969117,0.0,34.757061828552175,20.36885049580395,44.874087675643814,555.9124739959605,1467.6485050206697,1785,5,0
base,10,8,596,2,594,419.18903409947495,3441.098825592513,5569.324201461025,15.790480012300467,4873.549537770396,3013.266013225186,6513.184449004421,5.793095665980662,0.7057054446119106,0.33557046979865773,33.84409401229441,20.9254584251749,45.2304475625307,556.9324201461025,1458.8499202033354,1784,6,0
base,10,9,580,0,580,79.98507655281547,3014.760542537868,5389.813937767256,0.0,5023.132318215268,2933.795272754948,6443.072409029775,5.197863004375634,0.137905304401406,0.0,34.882863320939364,20.373578283020475,44.74355839604011,538.9813937767256,1463.8519127630507,1740,3,0
base,10,10,542,0,542,82.59368700903701,2774.907702334912,5047.436477329868,0.0,6063.683125169584,2684.8008557709445,5651.516019059476,5.119755908366996,0.1523868764004373,0.0,42.10891059145545,18.644450387298225,39.24663902124636,504.74364773298674,1456.390780475275,1626,4,0
base,10,11,524,0,524,113.59967731998265,2709.4467530710563,4924.196668138089,0.0,6092.089686752081,2593.9038178545234,5714.00649539339,5.1706999104409475,0.21679327732821116,0.0,42.30617838022279,18.013220957323078,39.6806006624541,492.41966681380893,1454.5855671635645,1572,4,0
base,10,12,570,0,570,187.3314846147909,3085.161671396141,5202.000066643339,0.0,5241.156297211226,2890.144099280851,6268.699603507927,5.412564335782704,0.32865172739437,0.0,36.396918730633516,20.0704451338948,43.53263613547172,520.2000066643338,1457.0330513949095,1710,6,0
base,10,13,572,0,572,136.9153836553013,2986.1265382168167,5307.417955664569,0.0,5388.932183368723,2847.324488211604,6163.743328419687,5.220500940938491,0.23936255883793933,0.0,37.4231401622828,19.773086723691698,42.8037731140256,530.7417955664569,1462.8060621020757,1716,4,0
base,10,14,570,0,570,58.70923553576927,2869.4205069615523,5277.182584849083,0.0,5444.684103305392,2810.7112714257787,6144.6046252688175,5.034071064844829,0.10299865883468293,0.0,37.81030627295411,19.518828273790128,42.67086545325567,527.7182584849082,1448.9590370867095,1710,3,0
base,10,15,599,0,599,234.2767356510497,3173.644044341597,5603.712618066684,0.0,5198.925751752549,2939.3673086905505,6261.706939556915,5.298237135795654,0.39111308122045024,0.0,36.10365105383715,20.41227297701771,43.484075969145245,560.3712618066684,1448.8943972047975,1797,6,0
base,10,16,576,0,576,209.0267131568623,3093.078266793122,5332.291209072555,0.0,5185.392697274476,2880.546233369228,6334.061069356297,5.369927546515837,0.36289359923066367,0.0,36.00967150885053,20.003793287286307,43.98653520386317,533.2291209072555,1464.1345653890955,1728,5,0
base,10,17,575,0,575,160.22742682012182,2995.17599167169,5397.78497171382,0.0,5411.7591400227275,2828.5416218493506,6159.6992381279215,5.209001724646417,0.2786563944697771,0.0,37.58166069460228,19.6426501517316,42.77568915366612,539.778497171382,1457.5566762308824,1725,5,0
base,10,18,592,0,592,151.74134701291476,3054.749961692899,5524.421752386911,0.0,5165.991810168423,2877.763659755021,6356.244530076559,5.160050610967735,0.2563198429272209,0.0,35.874943126169605,19.984469859409867,44.140587014420554,552.4421752386911,1469.4481058391314,1776,4,0
base,10,19,576,4,572,347.93614589553414,3234.8862105838216,5364.752274642928,33.38114420958555,5434.866644256992,2876.965180219221,6088.168175523781,5.655395473048639,0.6082799753418429,0.6944444444444444,37.742129474006894,19.97892486263348,42.27894566335959,536.4752274642927,1463.1435926130719,1720,6,0
base,10,20,555,0,555,126.99117536249709,2933.930863483314,5141.9903106502015,0.0,5656.216785825991,2799.860338147817,5943.922876026205,5.286361916186151,0.22881292858107583,0.0,39.279283234902714,19.44347457047095,41.277242194626425,514.1990310650201,1451.398820873122,1665,5,0
base,10,21,541,1,540,203.41310387553565,2862.0712714304336,5091.24525222816,6.71876315800757,5920.744710979565,2655.009829056483,5824.245459963953,5.300131984130433,0.3766909331028438,0.18484288354898337,41.11628271513587,18.437568257336686,40.44614902752745,509.12452522281603,1456.15320964588,1621,6,0
base,10,22,561,0,561,152.13941101678864,2943.0086314734317,5245.521385451505,0.0,5736.784546700379,2790.5590900047146,5872.656363294915,5.246004690683479,0.2711932460192311,0.0,39.838781574308186,19.378882569477184,40.78233585621469,524.5521385451505,1450.737949546516,1683,6,0
base,10,23,598,3,595,326.1396537286213,3264.7509583008414,5559.74796827814,33.55837258809366,4692.416961092216,2935.1989810663167,6772.384057841478,5.486976400505616,0.5481338718128089,0.5016722408026756,32.58622889647372,20.383326257404978,47.03044484612138,555.9747968278141,1456.5675283245084,1788,6,0
base,10,24,556,0,556,176.2632362253242,2922.5286661440887,5164.781185956248,0.0,5671.23092651401,2734.3092141954485,5994.459859290525,5.256346521841886,0.3170202090383529,0.0,39.383548100791735,18.988258431912836,41.62819346729531,516.4781185956248,1462.8100119624457,1668,5,0
base,10,25,562,0,562,191.71682517661262,3067.599559333701,5261.17474330893,0.0,5283.020548460663,2865.7158378137065,6251.263613725613,5.458362205220109,0.3411331408836523,0.0,36.6876426976435,19.90080442926185,43.411552873094536,526.1174743308931,1467.597101275928,1686,6,0
base,10,26,578,0,578,156.53729881075924,3014.310510646781,5434.29858481382,0.0,5372.398358298862,2854.283993084561,6173.3176486165885,5.215070087624189,0.27082577648920286,0.0,37.30832193263099,19.821416618642786,42.87026144872631,543.429858481382,1454.6195840668267,1734,4,0
base,10,27,549,0,549,187.78968200718307,2922.404593834144,5091.639218868966,0.0,5784.291359743991,2728.137820425682,5887.570819830321,5.323141336674215,0.34205770857410395,0.0,40.16868999822216,18.945401530733903,40.8859084710439,509.1639218868966,1460.2895560765896,1647,6,0
base,10,28,600,0,600,201.37415675483896,3282.305220322509,5488.853358259482,0.0,5157.251856668149,3059.5163388981264,6183.231804433727,5.470508700537515,0.3356235945913983,0.0,35.814249004639926,21.2466412423481,42.939109753012,548.8853358259482,1459.108093421458,1800,6,0
base,10,29,596,1,595,156.5838753908062,3140.2353052444078,5537.952294692016,14.02006920224931,5052.979417751474,2978.148857283813,6368.871724964711,5.277706395368752,0.2631661771274054,0.16778523489932887,35.090134845496344,20.681589286693143,44.22827586781049,553.7952294692016,1457.4301031869556,1786,6,0
base,11,0,592,0,592,92.43200226291934,3042.0493218866754,5357.806087614207,0.0,6507.381660377193,2939.5255430883963,6393.092796534407,5.138596827511276,0.15613513895763403,0.0,41.081954926623695,18.557610751820683,40.3604343215556,487.0732806922006,1461.1672363929247,1776,4,0
base,11,1,564,0,564,40.16043286670663,2927.762301262678,5306.505902116712,0.0,6994.494867447616,2883.304328150324,5962.200804402049,5.19106791004021,0.07120644125302594,0.0,44.157164567219795,18.202678839332854,37.64015659344728,482.4096274651556,1458.1042853443762,1692,4,0
base,11,2,602,0,602,179.01313411487604,3142.5840337458976,5555.38752569891,0.0,6516.047158144575,2952.825091335295,6371.127750520128,5.220239258714115,0.2973640101576014,0.0,41.136661351922825,18.64157254630868,40.22176610176849,505.03522960899187,1456.656800147875,1806,5,0
base,11,3,549,0,549,39.30869447899556,2753.9496250183665,5078.46923058124,0.0,7145.426036288886,2708.90744710273,5985.666516608391,5.0163016849150575,0.07160053639161304,0.0,45.11001285535913,17.10168842867885,37.788298715962064,461.67902096193086,1459.185121630647,1647,3,0
base,11,4,591,0,591,70.26269087803561,3038.7733597285433,5456.382438877908,0.0,6547.25203936481,2952.3263601039243,6340.421600531255,5.1417484936185165,0.11888780182408733,0.0,41.33366186467683,18.63842399055508,40.027914144768026,496.03476717071885,1459.6154549514558,1773,4,0
base,11,5,579,0,579,48.3504205131574,2909.192851358999,5394.435493109714,0.0,6520.756876098333,2855.991903432091,6463.251220469573,5.024512696647667,0.08350677117989189,0.0,41.166394419812704,18.030251915606634,40.80335366458064,490.40322664633766,1454.0097321714106,1737,2,0
base,11,6,568,0,568,49.05852848407336,2848.42344702102,5277.26811359045,0.0,7004.913811597963,2795.5447050771127,6039.541483324914,5.01483001236095,0.08637064873956578,0.0,44.22294072978512,17.64864081488076,38.12841845533406,479.75164669004096,1470.6663047945187,1704,4,0
base,11,7,595,0,595,81.67013336983891,3019.912345385331,5559.124739959604,0.0,6445.016903311522,2933.1144713957688,6461.868625292711,5.075482933420724,0.13726072835267045,0.0,40.68823802595657,18.517136814367227,40.79462515967621,505.374976359964,1467.6485050206697,1785,4,0
base,11,8,596,0,596,243.9062631530059,3276.4110780193423,5585.114681473326,0.0,6279.319512124546,3023.861036598484,6536.819451276981,5.497334023522386,0.40923869656544615,0.0,39.64216863714991,19.090031796707603,41.26779956614256,507.73769831575686,1458.8499202033354,1788,6,0
base,11,9,580,0,580,15.606271182372552,2950.381737167425,5389.813937767256,0.0,6463.1323182152755,2933.7952727549473,6443.072409029772,5.086865064081767,0.026907364107538884,0.0,40.802603019035836,18.52143480274588,40.675962178218256,489.98308525156875,1463.8519127630507,1740,2,0
base,11,10,542,0,542,27.684990212420956,2719.999005538295,5047.436477329868,0.0,7503.683125169561,2684.8008557709436,5651.516019059474,5.018448349701651,0.05107931773509401,0.0,47.37173690132298,16.94950035208929,35.67876274658759,458.8578615754425,1456.390780475275,1626,3,0
base,11,11,524,0,524,47.13213852145566,2642.97921427253,4924.196668138089,0.0,7532.089686752086,2593.9038178545225,5714.00649539339,5.043853462352157,0.0899468292394192,0.0,47.55107125474802,16.37565541574825,36.07327332950373,447.6542425580081,1454.5855671635645,1572,3,0
base,11,12,570,0,570,98.90990879776825,2996.740095579117,5202.000066643339,0.0,6681.156297211224,2890.144099280855,6268.699603507931,5.25743876417389,0.17352615578555833,0.0,42.17901702784864,18.24585921263166,39.57512375951976,472.90909696757626,1457.0330513949095,1710,5,0
base,11,13,572,0,572,57.598080336285385,2906.8092348978,5307.417955664569,0.0,6828.464192375322,2847.324488211598,6164.211319413094,5.0818343267444055,0.10069594464385556,0.0,43.10899111348057,17.975533385174227,38.91547550134529,482.4925414240517,1462.8060621020757,1716,3,0
base,11,14,570,0,570,11.482570631626402,2822.1938420574083,5277.182584849083,0.0,6884.684103305386,2810.711271425776,6144.604625268816,4.951217266767383,0.020144860757239303,0.0,43.46391479359461,17.744389339809192,38.79169586659606,479.7438713499166,1448.9590370867095,1710,2,0
base,11,15,599,0,599,98.60560653451256,3037.97291522506,5603.712618066684,0.0,6638.925751752537,2939.3673086905515,6261.7069395569115,5.071741093864875,0.1646170392896704,0.0,41.91241004894278,18.556611797288834,39.53097815376838,509.428419824244,1448.8943972047975,1797,5,0
base,11,16,576,0,576,94.13381011500523,2978.1853637512636,5332.291209072555,0.0,6625.392697274479,2880.54623336923,6334.061069356293,5.1704607009570545,0.16342675367188408,0.0,41.82697409895504,18.18526662480574,39.987759276239224,484.7537462793232,1464.1345653890955,1728,4,0
base,11,17,575,0,575,57.38538242408254,2892.3339472756506,5397.78497171382,0.0,6851.759140022731,2828.5416218493515,6159.69923812792,5.030145995262001,0.09980066508536095,0.0,43.256055176911175,17.85695468339237,38.886990139696465,490.7077247012563,1457.5566762308824,1725,4,0
base,11,18,592,0,592,53.84666893058645,2956.8552836105696,5524.421752386911,0.0,6598.0535137018305,2884.076830945005,6357.869655353159,4.994687979071908,0.09095721103139603,0.0,41.654378243067114,18.207555750915436,40.13806600601742,502.220159307901,1466.7840894636026,1776,3,0
base,11,19,576,1,575,184.3325480224192,3088.131541998524,5389.256666579037,8.876752273476296,6833.843912767981,2893.8141095070387,6112.341977724985,5.370663551301781,0.320578344386816,0.1736111111111111,43.14295399474736,18.269028469110093,38.58801753614258,489.9324242344579,1463.1435926130719,1726,6,0
base,11,20,555,0,555,47.83586509848463,2854.7755532193023,5141.9903106502015,0.0,7089.119417790344,2802.277068372946,5948.603513836705,5.143739735530274,0.08619074792519754,0.0,44.754541778979444,17.691143108415062,37.554315112605465,467.45366460456376,1450.5112192220897,1665,4,0
base,11,21,541,0,541,122.27523776522486,2789.0504174615253,5097.964015386167,0.0,7342.1365771425935,2663.1268411978845,5834.736581659543,5.155361215270841,0.2260170753516171,0.0,46.351872330445666,16.812669452006844,36.83545821754762,463.4512741260152,1456.15320964588,1623,6,0
base,11,22,561,0,561,83.55095758247714,2874.4201780391177,5245.521385451505,0.0,7176.784546700382,2790.5590900047137,5872.656363294915,5.123743632868303,0.14893218820405907,0.0,45.3079832493711,17.617165972251982,37.07485077837699,476.86558049559136,1450.737949546516,1683,5,0
base,11,23,598,1,597,181.87873694885167,3132.270354202393,5579.648036271865,13.658304594368634,6103.103175653826,2946.9792937476336,6789.9175305985445,5.246684010389267,0.30465450075184536,0.16722408026755853,38.52969176549132,18.60466725850779,42.86564097600091,507.24073057016955,1456.5675283245084,1792,6,0
base,11,24,556,0,556,85.2529321872471,2831.518362106014,5164.781185956248,0.0,7111.230926514031,2734.3092141954457,5994.459859290525,5.092658924651104,0.15333261184756672,0.0,44.89413463708353,17.262053119920743,37.84381224299574,469.5255623596589,1462.8100119624457,1668,4,0
base,11,25,562,0,562,83.97650311845052,2959.85923727554,5261.17474330893,0.0,6723.020548460671,2865.7158378137037,6251.263613725613,5.266653447109502,0.14942438277304362,0.0,42.44331154331232,18.091640390238027,39.465048066449576,478.28861302808457,1467.597101275928,1686,5,0
base,11,26,578,0,578,51.73976090152189,2909.5129727375434,5434.29858481382,0.0,6812.01557280031,2854.283993084562,6173.700434115138,5.033759468404054,0.08951515726906902,0.0,43.00514881818378,18.019469653311628,38.97538152850466,494.0271440739836,1454.6195840668267,1734,3,0
base,11,27,549,0,549,69.4358031725283,2804.050714999489,5091.639218868966,0.0,7224.252506529171,2728.1766736404943,5887.570819830323,5.107560500909816,0.12647687280970546,0.0,45.607654712936686,17.223337586114233,37.16900770094901,462.8762926244515,1460.2507028617772,1647,5,0
base,11,28,600,0,600,91.48711972872451,3172.4181832963914,5488.853358259481,0.0,6576.725461431056,3072.8187434840465,6190.45579508491,5.287363638827319,0.15247853288120752,0.0,41.51973144842838,19.399108229065952,39.081160322505745,498.98666893268006,1456.4506802026224,1800,5,0
base,11,29,596,0,596,91.49608186090565,3079.2852025527,5551.972363894265,0.0,6476.39938688406,2982.2865481220074,6381.314064993916,5.166585910323322,0.15351691587400276,0.0,40.886359765682194,18.82756659167934,40.28607364263836,504.7247603540241,1457.4301031869556,1788,6,0
base,12,0,592,0,592,34.23759701297472,2983.8549166367316,5357.806087614207,0.0,7947.381660377207,2939.5255430883944,6393.092796534411,5.040295467291776,0.05783377873813297,0.0,45.9917920160718,17.011143189168948,36.99706479475932,446.48384063451726,1461.1672363929247,1776,3,0
base,12,1,564,0,564,14.288344893955468,2901.8902132899266,5306.505902116712,0.0,8430.39314553022,2884.535548658606,5965.071305811158,5.145195413634622,0.025333944847438773,0.0,48.78699736996656,16.6929140547373,34.52008857529606,442.2088251763926,1456.480438843214,1692,3,0
base,12,2,602,0,602,89.7612715152975,3053.3321711463186,5555.38752569891,0.0,7952.006281040508,2955.3803888528964,6372.613330106592,5.071980350741393,0.14910510218487955,0.0,46.01855486713257,17.102895768824634,36.878549364042776,462.9489604749092,1456.5209187020916,1806,4,0
base,12,3,549,0,549,13.458062372156292,2728.098992911526,5078.46923058124,0.0,8585.426036288907,2708.907447102731,5985.666516608388,4.9692149233361125,0.024513774812670842,0.0,49.68417845074599,15.676547726288954,34.63927382296521,423.2057692151033,1459.185121630647,1647,2,0
base,12,4,591,0,591,26.66032768863448,2995.170996539142,5456.382438877908,0.0,7987.2520393648065,2952.326360103927,6340.421600531256,5.067971229338649,0.04511053754422078,0.0,46.22252337595374,17.08522199134217,36.69225463270403,454.69853657315895,1459.6154549514558,1773,3,0
base,12,5,579,0,579,6.918452777398144,2867.760883623241,5394.435493109714,0.0,7960.756876098327,2855.991903432093,6463.251220469577,4.952954893995235,0.011948968527457936,0.0,46.06919488482828,16.527730922639424,37.40307419253227,449.5362910924762,1454.0097321714106,1737,1,0
base,12,6,568,0,568,14.15904800294561,2813.5239665398917,5277.26811359045,0.0,8444.913811597953,2795.5447050771136,6039.541483324911,4.953387265035021,0.024927901413636638,0.0,48.87102900230297,16.177920746974035,34.951050250722865,439.7723427992042,1470.6663047945187,1704,3,0
base,12,7,595,0,595,32.62150685295941,2970.8637188684506,5559.124739959604,0.0,7885.016903311511,2933.1144713957697,6461.868625292704,4.9930482670058,0.05482606193774691,0.0,45.630884857126794,16.97404207983663,37.39507306303648,463.2603949966337,1467.6485050206697,1785,3,0
base,12,8,596,0,596,126.39403382850213,3158.8988486948365,5585.114681473326,0.0,7719.319512124548,3023.861036598486,6536.819451276981,5.300165853514827,0.2120705265578895,0.0,44.671987917387426,17.499195813648647,37.82881626896401,465.42622345611045,1458.8499202033354,1788,5,0
base,12,9,580,0,580,1.0995624708632477,2935.8750284559146,5389.813937767256,0.0,7903.13231821527,2933.7952727549464,6443.072409029772,5.061853497337784,0.0018957973635573236,0.0,45.73571943411615,16.97798190251705,37.286298663366736,449.1511614806047,1463.8519127630507,1740,1,0
base,12,10,542,0,542,4.537297675101058,2696.851313000974,5047.436477329868,0.0,8943.683125169591,2684.8008557709427,5651.516019059476,4.975740429891096,0.008371397924540698,0.0,51.757425492879584,15.537041989415176,32.7055325177053,420.6197064441556,1456.390780475275,1626,1,0
base,12,11,524,0,524,18.17367300225544,2614.0207487533307,4924.196668138089,0.0,8972.089686752102,2593.9038178545225,5714.00649539339,4.988589215178112,0.03468258206537298,0.0,51.921815316852445,15.011017464435895,33.067167218711745,410.34972234484076,1454.5855671635645,1572,2,0
base,12,12,570,0,570,50.20463711340722,2948.0348238947563,5202.000066643339,0.0,8121.156297211238,2890.144099280853,6268.699603507935,5.1719909191136075,0.08807831072527583,0.0,46.997432275528,16.725370944912342,36.27719677955981,433.5000055536116,1457.0330513949095,1710,4,0
base,12,13,572,0,572,17.989364410093195,2867.2005189716074,5307.417955664569,0.0,8267.615289191674,2847.3244882115987,6165.060222596734,5.012588319880432,0.03144993777988321,0.0,47.844995886525886,16.47757226974305,35.6774318437311,442.28482963871403,1462.8060621020757,1716,2,0
base,12,14,570,0,570,0.5095685596257908,2811.2208399854085,5277.182584849083,0.0,8324.684103305393,2810.711271425776,6144.604625268816,4.9319663859393135,0.0008939799291680541,0.0,48.17525522746177,16.265690228158427,35.55905454437972,439.7652154040902,1448.9590370867095,1710,1,0
base,12,15,599,0,599,45.615045243373686,2984.982353933923,5603.712618066684,0.0,8078.925751752544,2939.3673086905515,6261.70693955691,4.983276049973161,0.07615199539795273,0.0,46.75304254486426,17.010227480848098,36.23672997428768,466.976051505557,1448.8943972047975,1797,3,0
base,12,16,576,0,576,29.327260978851427,2913.3788146151123,5332.291209072555,0.0,8065.392697274467,2880.54623336923,6334.0610693563,5.057949330929015,0.05091538364383928,0.0,46.67472625737539,16.669827739405267,36.65544600321933,444.3576007560462,1464.1345653890955,1728,3,0
base,12,17,575,0,575,19.00783433449965,2853.9563991860687,5397.78497171382,0.0,8291.75914002271,2828.5416218493515,6159.699238127914,4.963402433367076,0.03305710319043417,0.0,47.9847172455018,16.368875126443005,35.64640762805506,449.815414309485,1457.5566762308824,1725,3,0
base,12,18,592,0,592,16.05155261954605,2919.0601672995294,5524.421752386911,0.0,8035.536879306127,2885.8096206467144,6358.653500047141,4.930844877195151,0.027114109154638598,0.0,46.501949533021566,16.70028715652034,36.797763310457995,460.3684793655759,1466.0002447696136,1776,2,0
base,12,19,576,0,576,105.81674848812617,3013.771496376091,5398.133418852513,0.0,8262.31901942025,2897.9698634189,6119.711117160849,5.232242181208491,0.1837096327918857,0.0,47.81434617720052,16.77065893182234,35.414994890977134,449.8444515710428,1463.1435926130719,1728,5,0
base,12,20,555,0,555,14.661601621173247,2821.6012897419905,5141.9903106502015,0.0,8524.3870771577,2802.593517409027,5953.01940543327,5.083966287823406,0.026417300218330175,0.0,49.33094373355151,16.21871248500594,34.450343781442534,428.4991925541835,1450.357714914029,1665,3,0
base,12,21,541,0,541,60.70414777677118,2727.479327473072,5097.964015386166,0.0,8782.136577142592,2663.1268411978845,5834.736581659541,5.041551437103645,0.11220729718441992,0.0,50.82254963624185,15.41161366433961,33.76583669941864,424.8303346155138,1456.15320964588,1623,5,0
base,12,22,561,0,561,46.62219338101809,2837.491413837659,5245.521385451505,0.0,8616.784546700379,2790.5590900047146,5872.656363294915,5.057916958712404,0.08310551404816059,0.0,49.86565131192349,16.149068807897653,33.9852798801789,437.12678212095875,1450.737949546516,1683,4,0
base,12,23,598,0,598,107.18341427064972,3060.968187754738,5593.306340866235,0.0,7532.209816510963,2950.3724499781856,6797.417733510856,5.118675899255415,0.17923647871346107,0.0,43.589177178882885,17.07391464107746,39.33690818003968,466.1088617388529,1456.5675283245084,1794,6,0
base,12,24,556,0,556,37.33848781207928,2783.6039177308467,5164.781185956248,0.0,8551.230926514021,2734.3092141954457,5994.459859290521,5.006481866422386,0.06715555361884762,0.0,49.486290083993175,15.82354869326068,34.69016122274608,430.3984321630207,1462.8100119624457,1668,3,0
base,12,25,562,0,562,34.9274484376009,2910.8101825946915,5261.17474330893,0.0,8163.020548460671,2865.7158378137055,6251.263613725615,5.179377549100875,0.06214848476441442,0.0,47.239702248036295,16.584003691051535,36.17629406091212,438.43122860907755,1467.597101275928,1686,4,0
base,12,26,578,0,578,10.724024049965465,2868.497235885986,5434.29858481382,0.0,8252.015572800305,2854.283993084562,6173.700434115144,4.962797985961913,0.01855367482692987,0.0,47.75471975000176,16.517847182202328,35.72743306779597,452.85821540115165,1454.6195840668267,1734,2,0
base,12,27,549,0,549,25.699982105237467,2760.314893932198,5091.639218868966,0.0,8664.252506529177,2728.176673640497,5887.570819830328,5.027895981661564,0.04681235356145258,0.0,50.14035015352534,15.788059453938061,34.07159039253662,424.3032682390805,1460.2507028617772,1647,4,0
base,12,28,600,0,600,33.72204279416373,3114.653106361831,5488.853358259481,0.0,8001.2834983544935,3077.843970720753,6200.872530924758,5.191088510603051,0.05620340465693954,0.0,46.30372394881073,17.811597052782137,35.88467899840717,457.4044465216234,1455.3674878297309,1800,3,0
base,12,29,596,0,596,49.662083179348215,3037.4512038711428,5551.972363894265,0.0,7916.399386884059,2982.2865481220083,6381.314064993918,5.096394637367689,0.08332564291836948,0.0,45.81249645187534,17.2586027090394,36.92890083908517,462.6643636578554,1457.4301031869556,1788,5,0
base,13,0,592,0,592,9.969502564023358,2959.5868221877804,5357.806087614207,0.0,9387.381660377187,2939.5255430883944,6393.092796534413,4.999302064506386,0.01684037595274216,0.0,50.14626955329694,15.70259371307903,34.151136733624,412.13892981647746,1461.1672363929247,1776,2,0
base,13,1,564,0,564,3.9986746854540343,2891.6005430814253,5306.505902116712,0.0,9869.058663971931,2885.7457563864664,5965.195579641589,5.126951317520257,0.007089848733074529,0.0,52.719330469935535,15.415308527705482,31.865361002358917,408.1927617012855,1456.480438843214,1692,2,0
base,13,2,602,0,602,41.90871281271757,3005.479612443739,5555.38752569891,0.0,9389.426114549655,2957.9605553437596,6372.613330106596,4.992491050570995,0.069615802014481,0.0,50.157190782850726,15.801071342648287,34.041737874501045,427.33750197683923,1456.5209187020916,1806,3,0
base,13,3,549,0,549,3.065928520321677,2717.706859059692,5078.46923058124,0.0,10025.426036288874,2708.9074471027293,5985.666516608388,4.950285717777216,0.005584569253773546,0.0,53.55462626222689,14.470659439651332,31.974714298121732,390.65147927547997,1459.185121630647,1647,1,0
base,13,4,591,0,591,8.244202512421055,2976.7548713629276,5456.382438877908,0.0,9427.252039364837,2952.326360103927,6340.421600531255,5.036810273033718,0.013949581239291124,0.0,50.35925234703439,15.77097414585431,33.869773507111404,419.72172606753134,1459.6154549514558,1773,2,0
base,13,5,579,0,579,0.0,2860.8424308458425,5394.435493109714,0.0,9400.756876098334,2855.991903432093,6463.251220469577,4.941005925467777,0.0,0.0,50.21771835522615,15.256367005513315,34.525914639260556,414.95657639305495,1454.0097321714106,1737,0,0
base,13,6,568,0,568,3.476387825431857,2802.841306362379,5277.26811359045,0.0,9884.913811597968,2795.5447050771136,6039.541483324911,4.934579764722498,0.006120401101112424,0.0,52.80402677135666,14.93346530489911,32.26250792374418,405.9437010454193,1470.6663047945187,1704,2,0
base,13,7,595,0,595,12.410933215343789,2950.6531452308354,5559.124739959604,0.0,9325.016903311523,2933.1144713957697,6461.868625292702,4.9590809163543454,0.020858711286292082,0.0,49.81312448350173,15.668346535233812,34.51852898126443,427.62497999689265,1467.6485050206697,1785,2,0
base,13,8,596,0,596,59.62748727865062,3092.1323021449853,5585.114681473326,0.0,9159.319512124544,3023.861036598485,6536.819451276981,5.188141446551989,0.10004611959505137,0.0,48.92798884681915,16.15310382798336,34.91890732519755,429.6242062671789,1458.8499202033354,1788,4,0
base,13,9,580,0,580,0.0,2934.7754659850516,5389.813937767256,0.0,9343.13231821527,2933.7952727549464,6443.072409029774,5.059957699974227,0.0,0.0,49.909894862261055,15.671983294631122,34.41812184310776,414.6010721359428,1463.8519127630507,1740,0,0
base,13,10,542,0,542,0.0,2692.314015325873,5047.436477329868,0.0,10383.683125169584,2684.8008557709427,5651.516019059474,4.967369031966555,0.0,0.0,55.468392762658034,14.341884913306318,30.18972232403565,388.2643444099898,1456.390780475275,1626,0,0
base,13,11,524,0,524,2.5661431256827996,2598.413218876758,4924.196668138089,0.0,10412.08968675207,2593.9038178545234,5714.00649539339,4.9588038528182405,0.004897219705501526,0.0,55.62013721555593,13.856323813325444,30.523538971118537,378.78435908754534,1454.5855671635645,1572,1,0
base,13,12,570,0,570,19.96366324527233,2917.7938500266227,5202.000066643339,0.0,9561.156297211211,2890.144099280854,6268.699603507931,5.118936578994075,0.03502397060574093,0.0,51.07455286971801,15.43880394914986,33.48664318113211,400.15385128025684,1457.0330513949095,1710,3,0
base,13,13,572,0,572,2.0195834560483945,2851.2307380175625,5307.417955664569,0.0,9706.445279116237,2847.3244882115996,6166.230232672156,4.984669122408326,0.0035307403077769134,0.0,51.850669226048275,15.21006671053205,32.939264063419635,408.2629196665053,1462.8060621020757,1716,1,0
base,13,14,570,0,570,0.0,2810.7112714257823,5277.182584849083,0.0,9764.684103305399,2810.711271425776,6144.604625268816,4.931072406010144,0.0,0.0,52.16177405611858,15.014483287530854,32.82374265635051,405.9371219114679,1448.9590370867095,1710,0,0
base,13,15,599,0,599,13.240694100061148,2952.608002790612,5603.712618066684,0.0,9518.92575175254,2939.3673086905496,6261.706939556913,4.9292287191829915,0.02210466460778155,0.0,50.848962349105456,15.701748443859772,33.449289207034795,431.0548167743603,1448.8943972047975,1797,2,0
base,13,16,576,0,576,4.782534515590868,2888.834088151851,5332.291209072555,0.0,9505.39269727449,2880.546233369229,6334.0610693563,5.015336958596964,0.0083030113117897,0.0,50.776670391423565,15.387533297912547,33.835796310663994,410.176246851735,1464.1345653890955,1728,2,0
base,13,17,575,0,575,6.810145318043169,2841.7587101696117,5397.78497171382,0.0,9731.759140022712,2828.5416218493524,6159.6992381279215,4.942189061164542,0.011843730987901164,0.0,51.98589284200167,15.109730885947394,32.90437627205086,415.21422859337076,1457.5566762308824,1725,2,0
base,13,18,592,0,592,1.2533008656682938,2904.261915545652,5524.421752386911,0.0,9475.163067040787,2886.183432912072,6358.653500047145,4.9058478303136015,0.002117062273088334,0.0,50.61518732393583,15.417646543333719,33.967166132730476,424.95551941437776,1466.0002447696136,1776,1,0
base,13,19,576,0,576,46.98111914444783,2954.9358670324127,5398.133418852513,0.0,9702.319019420254,2897.969863418901,6119.711117160848,5.130096991375717,0.08156444295911082,0.0,51.82862724049281,15.480608244759086,32.69076451474812,415.2410322194241,1463.1435926130719,1728,4,0
base,13,20,555,0,555,7.40161854283042,2814.3413066636476,5141.9903106502015,0.0,9964.322458912295,2802.6581356544407,5953.019405433268,5.070885237231797,0.013336249626721476,0.0,53.22821826342038,14.971464399863466,31.800317336716173,395.53771620386163,1450.2930966686151,1665,2,0
base,13,21,541,0,541,32.16648600699469,2698.941665703296,5097.964015386166,0.0,10222.136577142584,2663.1268411978845,5834.736581659541,4.988801600190936,0.05945746027170922,0.0,54.605430433453975,14.22610492092887,31.168464645617206,392.1510781066281,1456.15320964588,1623,4,0
base,13,22,561,0,561,24.740900299501675,2815.6101207561433,5245.521385451505,0.0,10056.784546700379,2790.5590900047164,5872.656363294915,5.018912871223072,0.04410142655882651,0.0,53.722139672544756,14.906832745751691,31.371027581703604,403.50164503473115,1450.737949546516,1683,3,0
base,13,23,598,0,598,55.349692931481044,3009.1344664155704,5593.306340866235,0.0,8969.08492291967,2950.372449978184,6800.542627102157,5.0319974354775425,0.09255801493558703,0.0,47.91177843439995,15.760536591763803,36.32768497383631,430.2543339127873,1456.5675283245084,1794,5,0
base,13,24,556,0,556,13.630028563367944,2759.895458482135,5164.781185956248,0.0,9991.23092651402,2734.3092141954467,5994.459859290523,4.9638407526657105,0.02451443986217256,0.0,53.37196007753215,14.60635263993294,32.02168728253484,397.2908604581729,1462.8100119624457,1668,2,0
base,13,25,562,0,562,15.841295385855233,2891.7240295429456,5261.17474330893,0.0,9603.020548460689,2865.7158378137083,6251.263613725615,5.1454164226742805,0.028187358337820698,0.0,51.29818669049513,15.308311099432203,33.393502210072725,404.70574948530236,1467.597101275928,1686,3,0
base,13,26,578,0,578,1.0852090592981085,2858.858420895318,5434.29858481382,0.0,9692.015572800321,2854.283993084561,6173.700434115142,4.946121835459028,0.0018775243240451705,0.0,51.773587461540174,15.247243552802143,32.979168985657815,418.02296806260154,1454.6195840668267,1734,1,0
base,13,27,549,0,549,11.145422360301325,2745.7603341872627,5091.639218868966,0.0,10104.252506529168,2728.176673640497,5887.570819830328,5.001384943874796,0.02030131577468365,0.0,53.97570783402333,14.573593342096672,31.450698823879957,391.66455529761276,1460.2507028617772,1647,3,0
base,13,28,600,0,600,14.603216572661154,3095.53428014033,5488.853358259481,0.0,9433.217697235064,3079.6457662844214,6207.136536480515,5.1592238002338835,0.02433869428776859,0.0,50.39112017753774,16.45109917886977,33.157780643592496,422.21948909688314,1454.8045877164145,1800,2,0
base,13,29,596,0,596,31.662656771742036,3019.451777463536,5551.972363894265,0.0,9356.399386884075,2982.2865481220083,6381.314064993914,5.066194257489155,0.053125263039835634,0.0,49.980765955577326,15.931017885267137,34.08821615915553,427.07479722263577,1457.4301031869556,1788,4,0
base,14,0,592,0,592,2.4724440498526974,2952.0897636736095,5357.806087614207,0.0,10827.381660377207,2939.5255430883954,6393.092796534414,4.986638114313529,0.004176425759886313,0.0,53.70725029949012,14.580979876430533,31.71176982407944,382.70043482958624,1461.1672363929247,1776,1,0
base,14,1,564,0,564,0.3354675379962373,2887.9373359339675,5306.505902116712,0.0,11309.058663971922,2885.7457563864673,5965.195579641589,5.120456269386467,0.0005948005992841087,0.0,56.096521150654375,14.31421506144081,29.589263787904706,379.0361358654794,1456.480438843214,1692,1,0
base,14,2,602,0,602,12.208255044197813,2975.779154675216,5555.38752569891,0.0,10827.930993668648,2959.4556762247653,6372.6133301065975,4.943154741985409,0.020279493428900022,0.0,53.70997516700719,14.679839663813322,31.61018516917955,396.8133946927793,1456.5209187020916,1806,2,0
base,14,3,549,0,549,0.0,2714.640930539371,5078.46923058124,0.0,11465.426036288894,2708.90744710273,5985.666516608388,4.9447011485234444,0.0,0.0,56.87215295778222,13.437040908247669,29.690806133970177,362.7478021843743,1459.185121630647,1647,0,0
base,14,4,591,0,591,0.9704648195707364,2969.481133670077,5456.382438877908,0.0,10867.252039364812,2952.326360103927,6340.421600531255,5.024502764247169,0.0016420724527423628,0.0,53.9050200365318,14.644475992579004,31.45050397088916,389.7416027769934,1459.6154549514558,1773,1,0
base,14,5,579,0,579,0.0,2860.8424308458425,5394.435493109714,0.0,10840.75687609832,2855.991903432093,6463.251220469577,4.941005925467777,0.0,0.0,53.77359561556706,14.16662650511951,32.05977787931338,385.31682093640813,1454.0097321714106,1737,0,0
base,14,6,568,0,568,0.2173991798432553,2799.58231771679,5277.26811359045,0.0,11324.913811597959,2795.5447050771136,6039.541483324911,4.92884210865632,0.00038274503493530864,0.0,56.17516771625971,13.866789211692032,29.95804307204817,376.9477223993179,1470.6663047945187,1704,1,0
base,14,7,595,0,595,1.3247297427402032,2939.566941758233,5559.124739959604,0.0,10765.016903311509,2933.1144713957697,6461.868625292702,4.940448641610476,0.0022264365424205096,0.0,53.39790130610867,14.549178925574255,32.052919768316976,397.08033856854314,1467.6485050206697,1785,1,0
base,14,8,596,0,596,21.462529643492644,3053.967344509828,5585.114681473326,0.0,10599.319512124546,3023.8610365984823,6536.819451276985,5.12410628273461,0.03601095577767222,0.0,52.57598964347493,14.999310697413106,32.42469965911203,398.9367629623804,1458.8499202033354,1788,3,0
base,14,9,580,0,580,0.0,2934.7754659850516,5389.813937767256,0.0,10783.132318215283,2933.7952727549464,6443.072409029774,5.059957699974227,0.0,0.0,53.48775951495676,14.552555916443186,31.959684568600068,384.9867098405183,1463.8519127630507,1740,0,0
base,14,10,542,0,542,0.0,2692.314015325873,5047.436477329868,0.0,11823.683125169578,2684.8008557709427,5651.516019059474,4.967369031966555,0.0,0.0,58.64922185103958,13.317464562355866,28.033313586604535,360.5311769521334,1456.390780475275,1626,0,0
base,14,11,524,0,524,0.0,2595.847075751075,4924.196668138089,0.0,11852.089686752106,2593.9038178545234,5714.006495393388,4.953906633112738,0.0,0.0,58.79012741444497,12.866586398087914,28.343286187467204,351.72833343843496,1454.5855671635645,1572,0,0
base,14,12,570,0,570,4.981275225233475,2902.8114620065835,5202.000066643339,0.0,11001.156297211239,2890.144099280854,6268.699603507935,5.092651687730848,0.008739079342514867,0.0,54.569227664738285,14.3360322384963,31.09474009676555,371.57143333166704,1457.0330513949095,1710,2,0
base,14,13,572,0,572,0.0,2849.2111545615144,5307.417955664569,0.0,11146.445279116215,2847.3244882116005,6166.230232672157,4.98113838210055,0.0,0.0,55.289907138473296,14.123633374065477,30.5864594874611,379.10128254746917,1462.8060621020757,1716,0,0
base,14,14,570,0,570,0.0,2810.7112714257823,5277.182584849083,0.0,11204.684103305392,2810.711271425776,6144.604625268816,4.931072406010144,0.0,0.0,55.57879019496722,13.942020195564364,30.47918960946833,376.9416132035059,1448.9590370867095,1710,0,0
base,14,15,599,0,599,1.0518874141806691,2940.419196104731,5603.712618066684,0.0,10958.92575175256,2939.3673086905487,6261.706939556915,4.908880127052973,0.0017560724777640553,0.0,54.35975075274088,14.580194983584072,31.060054263675173,400.2651870047631,1448.8943972047975,1797,1,0
base,14,16,576,0,576,0.06935786201316319,2884.1209114982735,5332.291209072555,0.0,10945.392697274463,2880.546233369229,6334.0610693563,5.007154360240058,0.00012041295488396386,0.0,54.29262250632174,14.28842377663308,31.418953717045138,380.8779435051825,1464.1345653890955,1728,1,0
base,14,17,575,0,575,1.9903769823974926,2836.938941833967,5397.78497171382,0.0,11171.759140022721,2828.5416218493533,6159.6992381279215,4.933806855363421,0.003461525186778248,0.0,55.415471924715874,14.030464394094015,30.554063681190087,385.55606940813,1457.5566762308824,1725,1,0
base,14,18,592,0,592,0.0,2903.0086146799827,5524.421752386911,0.0,10915.163067040776,2886.183432912072,6358.653500047145,4.903730768040512,0.0,0.0,54.14267394365464,14.316386075952739,31.540939980392587,394.6015537419222,1466.0002447696136,1776,0,0
base,14,19,576,0,576,23.380799187919393,2931.3355470758834,5398.133418852513,0.0,11142.319019420258,2897.9698634189,6119.711117160849,5.089124213673409,0.0405916652568045,0.0,55.26943958045762,14.374850512990575,30.35570990655183,385.5809584894652,1463.1435926130719,1728,3,0
base,14,20,555,0,555,3.289522214708086,2810.229210335525,5141.9903106502015,0.0,11404.322458912266,2802.6581356544407,5953.0194054332715,5.0634760546586035,0.005927067053528082,0.0,56.56905981603306,13.902074085587504,29.528866098379325,367.2850221893001,1450.2930966686151,1665,1,0
base,14,21,541,0,541,13.918564578046542,2680.6937442743483,5097.964015386166,0.0,11662.1365771426,2663.1268411978845,5834.736581659541,4.955071616033916,0.02572747611468862,0.0,57.84789968820735,13.209954569433952,28.942145742358832,364.14028681329756,1456.15320964588,1623,3,0
base,14,22,561,0,561,9.00002541581813,2799.86924587246,5245.521385451505,0.0,11496.784546700383,2790.5590900047146,5872.656363294915,4.9908542707173975,0.016042826053151747,0.0,57.02770112450587,13.842058978197988,29.130239897296207,374.6800989608218,1450.737949546516,1683,2,0
base,14,23,598,0,598,27.752979367240883,2981.537752851329,5593.306340866235,0.0,10405.70875202525,2950.3724499781856,6803.918797996561,4.985849085035667,0.04640966449371385,0.0,51.61561880964906,14.634783978066396,33.74959721228453,399.5218814904453,1456.5675283245084,1794,4,0
base,14,24,556,0,556,2.6904653519179647,2748.955895270685,5164.781185956248,0.0,11431.230926514034,2734.309214195445,5994.459859290521,4.944165279263822,0.004838966460284109,0.0,56.7025343577085,13.56304173708058,29.73442390521092,368.91294185401773,1462.8100119624457,1668,1,0
base,14,25,562,0,562,6.33945032472127,2882.2221844818123,5261.17474330893,0.0,11043.020548460658,2865.71583781371,6251.263613725617,5.128509225056606,0.011280160720144608,0.0,54.7768876411739,14.214860306615625,31.0082520522104,375.7981959506379,1467.597101275928,1686,2,0
base,14,26,578,0,578,0.0,2857.773211836021,5434.29858481382,0.0,11132.01557280031,2854.283993084561,6173.700434115142,4.944244311134984,0.0,0.0,55.218331214287254,14.15815472760199,30.623514058110825,388.1641846295585,1454.6195840668267,1734,0,0
base,14,27,549,0,549,4.130178961696686,2738.7450907886578,5091.639218868966,0.0,11544.252506529172,2728.176673640497,5887.570819830328,4.988606722748011,0.007523094647899246,0.0,57.26315727445026,13.532622389089767,29.20422033645996,363.68851563349756,1460.2507028617772,1647,2,0
base,14,28,600,0,600,2.2106256250388014,3083.141689192707,5488.853358259481,0.0,10870.747103495807,3079.645766284423,6209.607130219776,5.138569481987845,0.003684376041731336,0.0,53.922356664165704,15.276020666093368,30.80162266974095,392.0609541613915,1454.8045877164145,1800,1,0
base,14,29,596,0,596,19.243666813782625,3007.0327875055755,5551.972363894265,0.0,10796.39938688409,2982.2865481220083,6381.314064993914,5.045357026016066,0.03228803156674937,0.0,53.55356838732187,14.793088036319485,31.6533435763587,396.5694545638761,1457.4301031869556,1788,3,0
base,15,0,592,0,592,0.0,2949.6173196237573,5357.806087614207,0.0,12267.38166037722,2939.5255430883954,6393.092796534414,4.982461688553644,0.0,0.0,56.79343361285749,13.608914551335163,29.597651835807476,357.18707250761383,1461.1672363929247,1776,0,0
base,15,1,564,0,564,0.0,2887.6018683959715,5306.505902116712,0.0,12749.058663971937,2885.7457563864673,5965.195579641589,5.1198614687871835,0.0,0.0,59.02341974061082,13.359934057344756,27.616646202044393,353.7670601411141,1456.480438843214,1692,0,0
base,15,2,602,0,602,0.8687833859462444,2964.4396830169635,5555.38752569891,0.0,12267.930993668648,2959.4556762247644,6372.613330106594,4.9243184103271815,0.0014431617706748246,0.0,56.79597682254004,13.70118368622576,29.50283949123423,370.3591683799274,1456.5209187020916,1806,1,0
base,15,3,549,0,549,0.0,2714.640930539371,5078.46923058124,0.0,12905.426036288898,2708.90744710273,5985.666516608388,4.9447011485234444,0.0,0.0,59.74734276059676,12.541238181031158,27.711419058372165,338.56461537208264,1459.185121630647,1647,0,0
base,15,4,591,0,591,0.0,2968.5106688505066,5456.382438877908,0.0,12307.252039364812,2952.326360103927,6340.421600531255,5.022860691794428,0.0,0.0,56.97801870076302,13.668177593073736,29.353803706163216,363.75882925852716,1459.6154549514558,1773,0,0
base,15,5,579,0,579,0.0,2860.8424308458425,5394.435493109714,0.0,12280.756876098338,2855.991903432093,6463.251220469577,4.941005925467777,0.0,0.0,56.85535590786267,13.222184738111542,29.922459354025822,359.6290328739809,1454.0097321714106,1737,0,0
base,15,6,568,0,568,0.0,2799.3649185369463,5277.26811359045,0.0,12764.913811597955,2795.5447050771145,6039.541483324911,4.928459363621385,0.0,0.0,59.09682320184238,12.942336597579235,27.96084020057829,351.81787423936333,1470.6663047945187,1704,0,0
base,15,7,595,0,595,0.0,2938.2422120154924,5559.124739959604,0.0,12205.01690331151,2933.1144713957697,6461.868625292702,4.938222205068055,0.0,0.0,56.50470788570144,13.579233663869303,29.916058450429173,370.60831599730693,1467.6485050206697,1785,0,0
base,15,8,596,0,596,8.247850616788696,3040.7526654831254,5585.114681473326,0.0,12039.319512124534,3023.861036598485,6536.819451276985,5.101934002488465,0.013838675531524658,0.0,55.73759033390988,13.999356650918912,30.263053015171227,372.34097876488835,1458.8499202033354,1788,2,0
base,15,9,580,0,580,0.0,2934.7754659850516,5389.813937767256,0.0,12223.132318215274,2933.7952727549464,6443.072409029774,5.059957699974227,0.0,0.0,56.58857554729293,13.58238552201364,29.829038930693397,359.32092918448376,1463.8519127630507,1740,0,0
base,15,10,542,0,542,0.0,2692.314015325873,5047.436477329868,0.0,13263.683125169573,2684.8008557709427,5651.516019059474,4.967369031966555,0.0,0.0,61.405940394303585,12.429633591532143,26.16442601416423,336.4957651553245,1456.390780475275,1626,0,0
base,15,11,524,0,524,0.0,2595.847075751075,4924.196668138089,0.0,13292.089686752106,2593.9038178545234,5714.006495393388,4.953906633112738,0.0,0.0,61.53745225348197,12.008813971548719,26.45373377496939,328.2797778758726,1454.5855671635645,1572,0,0
base,15,12,570,0,570,1.0132512350940033,2898.8434380164445,5202.000066643339,0.0,12441.156297211228,2890.144099280854,6268.699603507935,5.085690242134113,0.0017776337457789532,0.0,57.597945820422346,13.38029675592988,29.02175742364785,346.80000444288925,1457.0330513949095,1710,1,0
base,15,13,572,0,572,0.0,2849.2111545615144,5307.417955664569,0.0,12586.44527911624,2847.3244882116005,6166.230232672157,4.98113838210055,0.0,0.0,58.27057999590852,13.182057815794446,28.547362188297026,353.82786371097126,1462.8060621020757,1716,0,0
base,15,14,570,0,570,0.0,2810.7112714257823,5277.182584849083,0.0,12644.684103305397,2810.711271425776,6144.604625268816,4.931072406010144,0.0,0.0,58.540204181969436,13.01255218252674,28.447243635503778,351.8121723232722,1448.9590370867095,1710,0,0
base,15,15,599,0,599,0.0,2939.36730869055,5603.712618066684,0.0,12398.925751752573,2939.3673086905487,6261.706939556915,4.907124054575209,0.0,0.0,57.40243403589154,13.608181984678467,28.989383979430162,373.58084120444556,1448.8943972047975,1797,0,0
base,15,16,576,0,576,0.0,2884.0515536362605,5332.291209072555,0.0,12385.39269727447,2880.546233369229,6334.0610693563,5.007033947285175,0.0,0.0,57.33978100590033,13.335862191524209,29.324356802575462,355.486080604837,1464.1345653890955,1728,0,0
base,15,17,575,0,575,0.0,2834.9485648515692,5397.78497171382,0.0,12611.759140022732,2828.5416218493515,6159.6992381279215,4.9303453301766424,0.0,0.0,58.38777379640153,13.095100101154406,28.51712610244408,359.85233144758797,1457.5566762308824,1725,0,0
base,15,18,592,0,592,0.0,2903.0086146799827,5524.421752386911,0.0,12355.163067040765,2886.183432912072,6358.653500047145,4.903730768040512,0.0,0.0,57.19982901407762,13.361960337555889,29.438210648366415,368.29478349246074,1466.0002447696136,1776,0,0
base,15,19,576,0,576,10.001927485878582,2917.9566753738427,5398.133418852513,0.0,12582.319019420258,2897.969863418901,6119.711117160848,5.065897005857366,0.017364457440761427,0.0,58.25147694176045,13.416527145457874,28.331995912781704,359.8755612568342,1463.1435926130719,1728,2,0
base,15,20,555,0,555,0.0,2806.9396881208168,5141.9903106502015,0.0,12844.322458912284,2802.6581356544407,5953.01940543327,5.057548987605076,0.0,0.0,59.464455828297616,12.975269146548337,27.560275025154024,342.7993540433468,1450.2930966686151,1665,0,0
base,15,21,541,0,541,3.2137280883364525,2669.9889077846383,5097.964015386166,0.0,13102.136577142566,2663.1268411978845,5834.736581659543,4.935284487587132,0.005940347667904718,0.0,60.658039708993364,12.329290931471688,27.012669359534918,339.86426769241103,1456.15320964588,1623,2,0
base,15,22,561,0,561,1.6110169063062472,2792.480237362948,5245.521385451505,0.0,12936.784546700368,2790.5590900047146,5872.656363294916,4.977683132554275,0.002871687890028961,0.0,59.892521049538736,12.919255046318124,27.188223904143133,349.701425696767,1450.737949546516,1683,1,0
base,15,23,598,0,598,10.826645853612035,2964.6114193377007,5593.306340866235,0.0,11843.416693855199,2950.372449978184,6806.2108561666355,4.957544179494483,0.01810475895252849,0.0,54.830632841922224,13.659131712861964,31.510235445215905,372.8870893910823,1456.5675283245084,1794,3,0
base,15,24,556,0,556,0.0,2746.265429918766,5164.781185956248,0.0,12871.230926514012,2734.3092141954467,5994.4598592905195,4.939326312803536,0.0,0.0,59.5890320671945,12.65883895460855,27.75212897819685,344.31874573041654,1462.8100119624457,1668,0,0
base,15,25,562,0,562,1.8399677204380396,2877.7227018775284,5261.17474330893,0.0,12483.02054846065,2865.715837813709,6251.263613725619,5.12050302825183,0.003273963915370177,0.0,57.791761798428944,13.267202952841245,28.94103524872972,350.74498288726204,1467.597101275928,1686,1,0
base,15,26,578,0,578,0.0,2857.773211836021,5434.29858481382,0.0,12572.015572800272,2854.283993084561,6173.700434115142,4.944244311134984,0.0,0.0,58.20377580000125,13.214277745761857,28.581946454236768,362.2865723209213,1454.6195840668267,1734,0,0
base,15,27,549,0,549,0.5564165336780889,2735.1713283606387,5091.639218868966,0.0,12984.252506529177,2728.176673640497,5887.570819830328,4.982097137268923,0.001013509168812548,0.0,60.11228012282026,12.63044756315045,27.257272314029297,339.44261459126443,1460.2507028617772,1647,1,0
base,15,28,600,0,600,0.0,3080.931063567668,5488.853358259481,0.0,12308.536477870792,3079.6457662844214,6211.817755844814,5.134885105946113,0.0,0.0,56.98396517532775,14.257619288353803,28.758415536318584,365.9235572172987,1454.8045877164145,1800,0,0
base,15,29,596,0,596,10.310139970561522,2998.099260662354,5551.972363894265,0.0,12236.399386884084,2982.286548122009,6381.314064993916,5.0303678870173725,0.017298892568056244,0.0,56.64999716150039,13.806882167231525,29.54312067126813,370.13149092628436,1457.4301031869556,1788,2,0
alto,3,0,762,499,263,992.2396548038932,2323.2814676125613,2402.751609523455,4552.532153852082,117.0470137563893,1329.063912625258,2873.889073618352,8.833769838831032,3.7727743528665143,65.48556430446195,2.709421614731234,30.7653683478069,66.52521003746186,800.917203174485,1450.9395668407133,1288,1,0
alto,3,1,727,468,259,914.0794584648276,2211.8226590625577,2415.255391097391,4414.313060251725,165.51628356461174,1294.1750132940556,2860.3087031413324,8.539855826496362,3.5292643183970176,64.37414030261348,3.8313954528845313,29.957754937362395,66.21084960975307,805.085130365797,1454.485046618639,1245,1,0
alto,3,2,769,505,264,897.6295388832118,2167.161450603477,2438.6227337855926,4637.701579437577,193.65743597648884,1261.9601095089638,2864.382454514548,8.208944888649535,3.4001118897091356,65.66970091027308,4.482811017974279,29.212039571966752,66.30514941005899,812.8742445951975,1452.8558080913842,1297,1,0
alto,3,3,729,460,269,925.8302732029423,2261.8929374713657,2481.02920344496,4286.057000091772,134.80791758097482,1330.0973580411091,2855.0947243779146,8.40852393112032,3.4417482275202316,63.10013717421125,3.1205536477077507,30.789290695396044,66.09015565689617,827.0097344816533,1451.9611655949222,1267,1,0
alto,3,4,758,492,266,938.5979788613013,2253.8548830124782,2495.02332689855,4527.855757235018,155.06953393360277,1302.4812655939454,2862.4492004724525,8.473138657941648,3.528563830305644,64.90765171503958,3.589572544759324,30.150029296156145,66.26039815908455,831.6744422995166,1460.1318754896915,1290,1,0
alto,3,5,766,503,263,954.306824775984,2277.7121768001125,2411.8664603069724,4684.209228161963,111.32733905328313,1313.7227984769868,2894.94986246973,8.660502573384457,3.6285430599847297,65.66579634464752,2.577021737344517,30.410249964745063,67.01272829791041,803.9554867689908,1459.3898649999778,1292,1,0
alto,3,6,750,484,266,898.3324808232782,2238.0573332775125,2475.0346098433233,4438.58896064376,198.54333501024803,1335.833075986116,2785.6235890036364,8.413749373223732,3.377189777531121,64.53333333333333,4.59591053264463,30.922061944123058,64.48202752323232,825.0115366144411,1457.2724127144304,1282,1,0
alto,3,7,771,500,271,946.9732085757348,2311.1687733602976,2509.9398775192562,4730.255675939508,125.51593970546298,1358.5027493016967,2835.9813109928386,8.528298056680065,3.4943660833052945,64.85084306095979,2.9054615672560877,31.446822900502237,65.64771553224163,836.6466258397521,1456.7332677794739,1313,1,0
alto,3,8,788,527,261,987.4295339137908,2346.839216069763,2474.207614878785,4927.144405748325,102.48659475214515,1354.7864584691981,2862.726946778655,8.991721134366909,3.7832549192099263,66.87817258883248,2.3723748785218786,31.360797649749955,66.26682747172813,824.7358716262617,1453.1393268040854,1310,1,0
alto,3,9,778,517,261,984.3636448298131,2327.387241659832,2449.064311703011,4783.286527099907,124.39626847458504,1341.6559381486873,2853.947793376725,8.917192496780965,3.7715082177387473,66.45244215938303,2.879543251726506,31.0568504201085,66.06360632816492,816.3547705676702,1458.8999628629256,1300,1,0
alto,3,10,736,476,260,911.3713490410702,2220.8883946153383,2418.861933339772,4457.899975316357,175.45899922434432,1305.685576863249,2838.8554239124032,8.541878440828224,3.5052744193887313,64.67391304347827,4.0615509079709335,30.224203168130764,65.71424592389822,806.2873111132573,1456.7294331283595,1256,1,0
alto,3,11,671,409,262,873.9661226974823,2163.348135575413,2458.9348037848285,3821.026948215358,204.1189857447779,1282.6891161916028,2833.191898063619,8.257053952577913,3.335748559914055,60.95380029806259,4.724976521869858,29.691877689620434,65.5831457885097,819.6449345949428,1461.5236889391429,1195,1,0
alto,3,12,755,490,265,915.1966897399384,2287.043824456444,2440.340722942748,4437.270134925312,142.23972968665734,1368.3675573282405,2809.3927129851027,8.630354054552619,3.453572414112975,64.90066225165563,3.2925863353392906,31.675174938153717,65.032238726507,813.4469076475826,1468.474006356801,1285,1,0
alto,3,13,740,475,265,926.0984359953125,2239.0307372097423,2499.1518851795327,4416.750169313743,144.17302760377834,1306.1642908437327,2869.66268155249,8.44917259324431,3.4947110792275944,64.1891891891892,3.337338601939313,30.235284510271594,66.42737688778912,833.0506283931776,1465.6111965768284,1270,1,0
alto,3,14,727,461,266,962.5189715115808,2268.7840154018486,2450.922930445126,4238.495435836393,137.14772910005948,1297.4081277101157,2885.4441431898226,8.529263215796423,3.6184923741036874,63.411279229711134,3.174715951390266,30.03259554884527,66.79268849976441,816.9743101483754,1461.0471494780772,1259,1,0
alto,3,15,773,495,278,908.7119803050227,2258.4368261204327,2608.3959203290638,4635.083578130271,131.16967715416456,1343.8732736653963,2844.957049180438,8.123873475253355,3.268748130593607,64.03622250970245,3.036335119309365,31.10817763114343,65.85548724954717,869.4653067763546,1458.1799755693796,1329,1,0
alto,3,16,746,484,262,948.535556092105,2251.6646325539086,2421.143573712916,4495.588556779708,131.87057693356581,1297.83992907982,2890.2894939866146,8.594139818908047,3.6203647179087977,64.87935656836461,3.052559651239949,30.04259095092176,66.9048493978383,807.0478579043053,1454.90860600886,1270,1,0
alto,3,17,764,502,262,934.6673825489338,2225.2984769453997,2429.613368183306,4692.572216493021,157.13247377395894,1285.49368448747,2877.3738417385684,8.493505637196183,3.567432757820358,65.70680628272252,3.6373257818046048,29.75679825202477,66.60587596617057,809.8711227277687,1455.9555509797701,1288,1,0
alto,3,18,770,506,264,957.8719841847083,2273.9590591876995,2479.700081633866,4708.376369889631,143.5624436778102,1308.273188598454,2868.164367723735,8.613481284801892,3.6283029703966223,65.71428571428571,3.323204714764125,30.284101587927175,66.39269369730869,826.5666938779553,1457.0437683668567,1298,1,0
alto,3,19,732,468,264,869.1211701808788,2188.880004632249,2493.111095688544,4357.822479044185,186.83718831268408,1319.758834451372,2813.403977235943,8.29121213875852,3.292125644624541,63.934426229508205,4.324934914645465,30.549973019707682,65.12509206564683,831.0370318961814,1448.1540621020108,1260,1,0
alto,3,20,728,459,269,855.6867411674094,2201.0008004301653,2486.0431186077835,4232.005323383604,178.8034083886274,1341.2186119971032,2799.9779796142684,8.18215910940582,3.1809916028528233,63.04945054945055,4.138967786773782,31.046727129562573,64.81430508366363,828.6810395359279,1457.0545702632817,1266,1,0
alto,3,21,701,440,261,877.5259029964247,2163.5872674111847,2460.1760277667217,4123.500518200803,228.7530499608477,1281.8605015645887,2809.3864484745664,8.2896063885486,3.362168210714271,62.76747503566333,5.295209489834438,29.67269679547659,65.03209371468903,820.0586759222406,1463.4967666202192,1223,1,0
alto,3,22,725,451,274,910.9613308787445,2282.407697534286,2574.4664605444036,4216.346378270536,146.82121176141248,1367.3233370295904,2805.855451208993,8.329955100490094,3.3246763900684106,62.206896551724135,3.398639161143808,31.651003171981262,64.95035766687484,858.1554868481345,1465.1073704342389,1273,1,0
alto,3,23,767,503,264,950.2298011346127,2261.8775999408153,2469.369055608791,4712.699827436677,157.7108389969179,1300.2366578024482,2862.0525032006317,8.567718181593998,3.599355307328078,65.58018252933508,3.650713865669396,30.09807078246408,66.25121535186648,823.1230185362637,1460.1096885824127,1295,1,0
alto,3,24,731,466,265,946.0204981131245,2256.0848684649786,2475.586990905663,4317.8474887953325,143.55024811517927,1305.3518599973297,2871.0978918874916,8.513527805528222,3.569888672124998,63.748290013679885,3.3229224100735943,30.216478240678928,66.4605993492475,825.195663635221,1466.4672228574154,1261,1,0
alto,3,25,733,467,266,951.2197853720137,2311.966970406572,2432.503063354646,4409.336075047413,170.52029579411558,1358.042245881558,2791.437458324327,8.691605151904405,3.576014230721856,63.710777626193725,3.9472290693082313,31.436163099110143,64.61660783158165,810.8343544515487,1465.328376082762,1265,1,0
alto,3,26,763,496,267,934.0104050868208,2215.8416739394333,2561.8737468938807,4609.613178394037,115.50330584215841,1271.1537835374218,2933.342910620419,8.299032486664544,3.4981663111865946,65.00655307994757,2.6736876352351486,29.42485610040328,67.90145626436154,853.9579156312935,1466.889432714325,1297,1,0
alto,3,27,733,462,271,875.5172105374736,2215.852106240728,2475.598241077169,4303.262149581084,176.54025249242224,1336.5818058597272,2806.87794164785,8.176576037788664,3.2306908137914156,63.02864938608458,4.086579918806071,30.93939365416035,64.97402642703356,825.1994136923896,1454.152820010803,1275,1,0
alto,3,28,780,521,259,935.0071914039617,2269.6369760338184,2328.811777996086,4819.432922387732,152.4039683496448,1328.0992867435207,2839.4967449068317,8.763077127543701,3.610066376077072,66.7948717948718,3.527869637723259,30.743039044988908,65.72909131728777,776.2705926653621,1467.994764687644,1298,1,0
alto,3,29,785,519,266,961.2831085035294,2291.000144796898,2526.0493183822855,4825.5715605364885,143.48783353183828,1325.1260499423647,2851.386116525798,8.61278249923646,3.6138462725696594,66.11464968152866,3.3214776280518117,30.67421411903622,66.004308252912,842.0164394607618,1464.2311421869908,1317,1,0
alto,4,0,762,405,357,1872.3655243895448,3644.4340271433784,3214.7531924789723,3740.53057089656,147.74025269276729,1765.3496289165635,3846.9101183906696,10.208498675471649,5.244721356833459,53.14960629921261,2.564934942582765,30.648431057579227,66.78663399983802,803.6882981197431,1456.6620528047795,1476,2,0
alto,4,1,727,372,355,2025.173113539379,3820.398462706446,3298.631988828549,3530.9364625205635,52.38222729538237,1786.180256072919,3921.4375166316995,10.761685810440692,5.704712995885575,51.169188445667125,0.9094136683226107,31.010073890154843,68.08051244152256,824.6579972071372,1467.1740964912647,1437,2,0
alto,4,2,769,406,363,1862.6038885353837,3637.0825484437173,3403.2932964818256,3673.031016741338,154.523792535368,1755.87065331272,3849.6055541519127,10.019511152737513,5.13114018880271,52.79583875162549,2.6827047315168056,30.48386550890139,66.83342975958182,850.8233241204564,1458.6812607533445,1495,2,0
alto,4,3,729,370,359,1875.484446083523,3675.5510545388684,3374.7075641935785,3392.378639343154,106.02757290279749,1794.0735324744999,3859.8988946227028,10.23830377308877,5.22419065761427,50.75445816186557,1.8407564740069007,31.1471099387934,67.0121335871997,843.6768910483946,1451.9611655949222,1447,2,0
alto,4,4,758,397,361,2025.1280509251978,3870.646221137588,3315.645913598388,3707.2331705351853,55.09660238043719,1820.9985518788105,3883.9048457407575,10.722011692901905,5.6097729942526255,52.37467018469657,0.9565382357714789,31.614558192340457,67.42890357188816,828.911478399597,1459.9918854896316,1480,2,0
alto,4,5,766,404,362,2003.753723496706,3849.6700628055855,3304.3223165156783,3791.7533719532607,60.11680340003055,1830.337580996049,3869.5456156039227,10.634447687308247,5.535231280377641,52.74151436031331,1.0436945034727525,31.776694114514736,67.17961138201255,826.0805791289196,1457.5136882713452,1490,2,0
alto,4,6,750,388,362,1922.9354450821756,3757.3097230272415,3352.3244057852253,3561.2991647018566,130.88419619090647,1823.9391991368132,3805.176604672277,10.379308627147076,5.3119763676303196,51.733333333333334,2.272295072758793,31.66561109612523,66.06209383111592,838.0811014463063,1466.6198452090152,1474,2,0
alto,4,7,771,409,362,2000.433889708518,3808.307827585071,3347.997790060057,3892.1977633987153,70.78495785988544,1795.867903971187,3893.347138168931,10.520187369019533,5.526060468808061,53.047989623865114,1.2289055184007889,31.178262221721997,67.59283225987728,836.9994475150143,1464.3133157347763,1495,2,0
alto,4,8,788,431,357,2029.4636177493408,3843.778294173866,3344.4779721346586,4056.874048492455,59.452040349947026,1803.76934182694,3896.7786178231145,10.766885978078056,5.684772038513559,54.69543147208121,1.0321534782976916,31.315439962273267,67.65240655942907,836.1194930336646,1471.1389595194942,1502,2,0
alto,4,9,778,429,349,2025.7294560032262,3857.1310744985717,3234.0994472526054,3998.2513915503137,68.06511372383792,1819.0804905517734,3872.8543957243864,11.051951502861238,5.804382395424717,55.14138817480719,1.181686002149964,31.581258516523846,67.23705548132615,808.5248618131513,1462.7380833692623,1476,2,0
alto,4,10,736,379,357,1895.687757602335,3713.7967444028145,3332.7753083925086,3543.9866002636204,119.75017724630618,1808.8113343386972,3831.4384884149963,10.402792001128333,5.310049741183011,51.49456521739131,2.0789961327483715,31.40297455449127,66.51802931276035,833.1938270981271,1469.3842806002287,1450,2,0
alto,4,11,671,313,358,1735.3332178558214,3512.1732251493513,3312.9115732887312,2967.0501787114517,180.64695895856792,1763.4179004478556,3815.9351405935768,9.810539735054054,4.847299491217378,46.6467958271237,3.1362319263640264,30.614894104997493,66.24887396863849,828.2278933221828,1465.46904603506,1387,2,0
alto,4,12,755,389,366,1899.7967948779972,3740.8551594989176,3380.5697240564496,3497.0411338116082,108.84518385415959,1832.232744858091,3818.92207128775,10.22091573633584,5.190701625349719,51.523178807947026,1.8896733308013818,31.809596264897415,66.3007304043012,845.1424310141124,1463.3941444096786,1487,2,0
alto,4,13,740,374,366,1995.4254406312543,3811.7856693204353,3433.5989219357166,3482.3031325575585,61.95799108321623,1807.471155455891,3890.570853460892,10.414714943498456,5.451982078227471,50.54054054054053,1.0756595674169485,31.37970755999811,67.54463287258493,858.3997304839291,1454.6248713642963,1472,2,0
alto,4,14,727,373,354,2069.093877738624,3814.4824531247677,3242.2361248763946,3447.182241405128,59.940947767601955,1733.5609178331206,3966.4981343992777,10.7753741613694,5.844897959713627,51.30674002751031,1.040641454298645,30.096543712380562,68.8628148333208,810.5590312190986,1459.6638849643798,1435,2,0
alto,4,15,773,400,373,1969.1915817150987,3777.095829929664,3524.9143604395495,3718.5651380197874,86.77432118797174,1799.2250843813613,3874.000594430669,10.126262278631806,5.279333999236189,51.746442432082794,1.5064986317356204,31.23654660384308,67.25695476442134,881.2285901098874,1459.7599871117989,1519,2,0
alto,4,16,746,400,346,2081.722510055509,3828.717725950886,3203.1455983396672,3713.5865321529495,80.95280388027105,1738.2627167408953,3940.784479378833,11.06565816748811,6.016539046403205,53.61930294906166,1.4054306229213724,30.178172165640543,68.41639721143807,800.7863995849168,1458.9606042802538,1438,2,0
alto,4,17,764,405,359,1888.5809088651088,3677.566267954582,3360.016603366025,3762.168981310306,92.66340209903713,1783.8479491804737,3883.488648720492,10.243917180931984,5.260671055334565,53.010471204188484,1.6087396197749502,30.96958245104989,67.42167792917522,840.0041508415062,1455.9555509797701,1482,2,0
alto,4,18,770,409,361,1927.8695073817196,3696.7771511947994,3349.346142506032,3838.7303090174655,103.5888982707358,1757.019448219806,3899.3916535094545,10.2403799202072,5.340358746209749,53.116883116883116,1.7984183727558298,30.503809864927188,67.69777176231692,837.336535626508,1460.8229722188248,1492,2,0
alto,4,19,732,370,362,1877.8457345530333,3696.1043404469942,3346.9729875024927,3503.9605872302373,94.0362749855964,1815.3482303668286,3850.6154946475817,10.210232984660205,5.187419156223849,50.54644808743169,1.6325742184999377,31.51646233275744,66.85096344874275,836.7432468756232,1448.9930728432637,1456,2,0
alto,4,20,728,371,357,1829.6496821674548,3597.197926466312,3302.434323689907,3415.614118301481,145.18233498612398,1766.3460435142779,3848.471621499594,10.076184667972862,5.125069137723963,50.96153846153846,2.5205266490646525,30.665729922122882,66.8137434288124,825.6085809224768,1455.5710364425734,1442,2,0
alto,4,21,701,341,360,1829.3648115316134,3570.4614051012504,3351.812261725343,3231.8642842421823,161.45844591117694,1734.0806799009347,3864.460874187893,9.917948347503474,5.081568920921148,48.64479315263909,2.8030980192912662,30.105567359391227,67.09133462131759,837.9530654313357,1476.5428548115542,1421,2,0
alto,4,22,725,356,369,1858.1366721254485,3667.852567042788,3449.4361826767527,3341.376656138186,126.04938183568581,1796.7771157264722,3837.17350243785,9.93997985648452,5.03560073746734,49.10344827586207,2.188357323536212,31.194047148029032,66.61759552843489,862.3590456691882,1457.2255579492357,1463,2,0
alto,4,23,767,411,356,2001.1495497715243,3766.5999324176773,3357.4805557797076,3824.5883272657657,75.48243651998715,1748.3311497888894,3936.186413691122,10.5803368888137,5.62120660048181,53.58539765319426,1.310458967360888,30.35297135050155,68.33656968213754,839.3701389449269,1470.7012367349282,1479,2,0
alto,4,24,731,376,355,1910.0802817378462,3638.5609289321237,3293.3892666308443,3500.045213070153,129.934628658823,1722.940107137482,3907.125264203689,10.249467405442601,5.380507835881257,51.43638850889193,2.255809525326788,29.912154637803507,67.8320358368696,823.3473166577111,1454.855829847615,1441,2,0
alto,4,25,733,377,356,1932.8708229830434,3776.489502722122,3326.585498338404,3515.2536400636545,123.77549380353118,1835.0962555163474,3801.128250680126,10.608116580680118,5.429412424109672,51.4324693042292,2.1488801007557496,31.85930999160325,65.99180990764107,831.646374584601,1460.9136444624685,1445,2,0
alto,4,26,763,406,357,1977.270947638897,3726.8380351023743,3325.9872414948227,3845.499683793096,68.26706086238853,1744.1991224508579,3947.533816686749,10.439322227177518,5.53857408302212,53.21100917431193,1.1851920288609121,30.281234764771835,68.53357320636717,831.4968103737057,1462.2515572920195,1477,2,0
alto,4,27,733,368,365,1917.7472110235715,3723.640032336961,3366.3815667208655,3412.4788239373856,130.48160218774166,1796.6042808596765,3832.914116952584,10.201753513251948,5.254101948009785,50.20463847203275,2.2653055935371817,31.191046542702715,66.54364786376014,841.5953916802164,1462.3581816762144,1463,2,0
alto,4,28,780,422,358,1975.9233761324924,3808.8810613199084,3258.0587976374422,3890.185902746375,117.49575714110775,1823.5274888178615,3818.976754041031,10.639332573519297,5.519339039476236,54.1025641025641,2.039856894810898,31.65846334753232,66.3016797576568,814.5146994093606,1460.6398400476455,1496,2,0
alto,4,29,785,417,368,2003.4374438412626,3852.3131055142685,3451.774534559306,3899.8463443594646,88.4060466492306,1840.0480284743708,3831.545924876398,10.468242134549643,5.444123488699083,53.12101910828025,1.5348271987713646,31.945278272124494,66.51989452910414,862.9436336398265,1457.5508914224304,1521,2,0
alto,5,0,762,308,454,2737.247850370083,4976.80162524039,4147.367839093663,2807.915924281869,125.1459388848479,2237.0352814448806,4837.8187796702705,10.962118117269583,6.029180287158773,40.419947506561684,1.7381380400673319,31.069934464512233,67.19192749542043,829.4735678187326,1451.7490370523885,1670,3,0
alto,5,1,727,273,454,2774.995558092358,5064.008768653921,4224.292488858193,2605.2759624909168,114.73995966067399,2273.7351861930874,4811.524854146239,11.154204336242117,6.112325017824577,37.551581843191194,1.593610550842694,31.57965536379288,66.82673408536442,844.8584977716386,1468.5988289276327,1635,3,0
alto,5,2,769,317,452,2768.9843243318337,5000.499284182922,4211.660904155627,2864.663409067538,167.54290122971182,2214.3512860489045,4818.105812721379,11.06305151367903,6.126071514008482,41.222366710013006,2.326984739301553,30.75487897290145,66.91813628779694,842.3321808311254,1467.2735506918302,1673,3,0
alto,5,3,729,280,449,2940.8755834301555,5206.373283058346,4207.088467647968,2559.9977358887672,56.11161450336072,2263.5451616937266,4880.343223802911,11.59548615380478,6.549834261537095,38.40877914951989,0.7793279792133434,31.438127245746205,67.78254477504044,841.4176935295936,1449.422007309491,1627,3,0
alto,5,4,758,300,458,2977.253589034576,5286.021065931921,4211.255530909476,2811.623553224097,78.00571649961927,2282.9533961688935,4839.040887331484,11.541530711641748,6.50055368784842,39.577836411609496,1.0834127291613789,31.707686057901295,67.20890121293728,842.2511061818952,1463.0900662648041,1674,3,0
alto,5,5,766,323,443,2924.12383452431,5149.1768090639525,4072.759347102628,3023.3163413663074,68.78189460658385,2204.472835964132,4926.74526942929,11.623423948225627,6.60073100344088,42.16710182767624,0.9553040917581089,30.617678277279616,68.42701763096237,814.5518694205256,1459.3745245364466,1652,3,0
alto,5,6,750,298,452,2808.5103227397394,5052.848786902176,4201.99247031683,2711.6311001702525,107.7782041070516,2233.903385354184,4858.31841053876,11.178868997571184,6.213518413141016,39.733333333333334,1.4969195014868275,31.026435907697003,67.47664459081612,840.398494063366,1465.0559931031692,1654,3,0
alto,5,7,771,323,448,2911.664409392589,5166.722445663659,4202.760067574145,3037.4354858846264,104.8824794727748,2243.1431061871112,4851.974414340108,11.532862601927809,6.499250913822743,41.893644617380026,1.456701103788539,31.15476536370988,67.3885335325015,840.552013514829,1464.5951179977512,1667,3,0
alto,5,8,788,343,445,2888.1169657894043,5162.688049085963,4152.574357710709,3248.7776629164023,59.6360808034439,2264.06295665442,4876.300962542128,11.601546177721266,6.49015048492001,43.52791878172589,0.8282789000478319,31.4453188424225,67.72640225752956,830.5148715421417,1469.533269607229,1678,3,0
alto,5,9,778,338,440,3020.292223960313,5269.9191141123265,4090.0576109897193,3142.2932278132002,86.59187519931045,2237.142455535274,4876.265669265414,11.977088895709834,6.864300509000712,43.44473007712082,1.2026649333237562,31.07142299354547,67.72591207313074,818.0115221979438,1460.7807212237992,1658,3,0
alto,5,10,736,282,454,2764.034611940163,5049.965804611922,4234.6943961637535,2642.067512492376,117.43891961945747,2278.5456548822967,4804.015425498249,11.123272697383088,6.088181964625909,38.315217391304344,1.631096105825798,31.646467428920786,66.72243646525345,846.9388792327507,1467.15417588552,1644,3,0
alto,5,11,671,221,450,2516.1655444999437,4747.270027774041,4172.200681098668,2107.7610709015203,227.88749575241846,2212.985061939282,4759.127442308297,10.54948895060898,5.591478987777653,32.93591654247392,3.1651041076724784,30.73590363804558,66.0989922542819,834.4401362197335,1464.5290401012091,1571,3,0
alto,5,12,755,310,445,2891.970583447943,5131.5920961260035,4073.5752625433292,2804.035595324728,123.0362992844932,2222.8778456821415,4854.085855033367,11.531667631743828,6.498810299883019,41.05960264900662,1.7088374900624055,30.873303412251964,67.41785909768565,814.7150525086658,1465.2613855916427,1645,3,0
alto,5,13,740,291,449,2811.317154681673,5059.731716831486,4228.155039082053,2687.7470154112234,72.74427827766473,2234.9057274411157,4892.349994281215,11.26889023793204,6.261285422453614,39.32432432432432,1.010337198300899,31.04035732557105,67.94930547612799,845.6310078164106,1455.3228259109317,1638,3,0
alto,5,14,727,270,457,2905.860633573895,5162.012142157224,4193.811178370049,2495.6071879114697,70.53320073246886,2239.3636269105154,4890.103172357016,11.2954313832762,6.358557185063227,37.13892709766162,0.9796277879509563,31.10227259597938,67.91809961606965,838.7622356740097,1467.7957532801036,1641,3,0
alto,5,15,773,310,463,3009.2296794140802,5295.4905860740655,4395.214346979159,2848.2651514801737,90.04115453765935,2270.9299656780113,4839.02887978433,11.437344678345713,6.499416154242074,40.10349288486417,1.2505715908008244,31.540693967750155,67.20873444144902,879.0428693958318,1466.3119183976103,1699,3,0
alto,5,16,746,306,440,2807.0322229463836,5003.263648954184,4099.2538030699,2817.478327422717,133.91995724981632,2182.98453634848,4883.095506401713,11.371053747623145,6.379618688514508,41.01876675603217,1.859999406247449,30.31922967150667,67.82077092224601,819.8507606139799,1461.8562076492055,1626,3,0
alto,5,17,764,318,446,2919.0195525917866,5159.880343671559,4154.792479124529,2967.3931055518033,101.01934959621862,2235.7233811707756,4863.257269233019,11.569238438725469,6.544886889219252,41.62303664921466,1.403046522169703,31.051713627371885,67.5452398504586,830.9584958249058,1455.9555509797701,1656,3,0
alto,5,18,770,319,451,2808.275261606343,5036.754367981311,4193.264544619768,2994.8119069037334,92.63372339119815,2211.8683780079164,4895.497898600884,11.16796977379448,6.226774415978587,41.42857142857143,1.2865794915444186,30.72039413899884,67.99302636945671,838.6529089239535,1461.076884998009,1672,3,0
alto,5,19,732,279,453,2782.491681291469,5054.538260484805,4221.765109572239,2629.1684651604896,105.41962776430634,2268.785683531056,4825.794688704636,11.157921104822968,6.142365742365274,38.114754098360656,1.4641614967264769,31.51091227126466,67.02492623200884,844.3530219144479,1449.7101967583126,1638,3,0
alto,5,20,728,281,447,2542.564949373646,4757.677596484092,4069.0310042103756,2649.017437781016,196.00976628779276,2211.698235197581,4792.291998514614,10.643574041351435,5.6880647636994315,38.5989010989011,2.7223578651082327,30.71803104441085,66.55961109048074,813.8062008420751,1457.5386360193324,1622,3,0
alto,5,21,701,257,444,2594.928677404453,4800.862334723349,4176.142221626728,2407.5343243407942,217.85499789054535,2195.8882506820337,4786.256751427423,10.812753006133669,5.844433958118137,36.66191155492154,3.0257638595909073,30.498447926139356,66.47578821426977,835.2284443253457,1476.5428548115542,1589,3,0
alto,5,22,725,264,461,2720.436465790197,4984.297617654916,4268.573628566369,2522.239210248572,156.48154706733806,2254.590291675071,4788.9281612575915,10.811925417906544,5.901163700195655,36.41379310344828,2.1733548203796955,31.313754051042654,66.51289112857765,853.7147257132738,1457.734926867991,1647,3,0
alto,5,23,767,325,442,2996.6310660790145,5193.462127670991,4140.613299154606,3041.4555838908664,95.73339098584209,2177.749211666394,4926.517397347765,11.749914315997717,6.779708294296413,42.3728813559322,1.329630430358918,30.246516828699914,68.42385274094119,828.1226598309211,1465.195241351266,1651,3,0
alto,5,24,731,275,456,2643.7253863607875,4880.5197489744705,4198.169583144545,2595.2648965564545,143.0210546633089,2220.8725966249417,4836.106348711746,10.702894186347523,5.797643391142078,37.61969904240766,1.9864035369904012,30.845452730901968,67.1681437321076,839.633916628909,1466.6054508540697,1643,3,0
alto,5,25,733,288,445,2935.868588837635,5224.634213679557,4165.596471570645,2676.2426668314138,69.36636085775619,2281.395810065551,4849.237829076689,11.740751041976534,6.597457503005921,39.2905866302865,0.9634216785799472,31.686052917577097,67.35052540384291,833.119294314129,1461.2664865719753,1623,3,0
alto,5,26,763,306,457,2804.421828358438,5047.09465062653,4304.8767254106615,2866.6101998772588,75.2293591499579,2231.684779135163,4893.085861714881,11.043970789117134,6.136590434044722,40.1048492791612,1.0448522104160818,30.995621932432815,67.95952585715112,860.9753450821323,1462.2515572920195,1677,3,0
alto,5,27,733,280,453,2614.3042657323417,4877.35877178507,4187.395774734472,2591.4646159237795,231.11637968451967,2245.15178522936,4723.7318350861115,10.766796405706556,5.77109109433188,38.199181446111865,3.209949717840551,31.18266368374111,65.60738659841822,837.4791549468944,1457.5543456504615,1639,3,0
alto,5,28,780,331,449,2850.1874863256953,5149.968546700851,4087.557988838758,3060.6867115450623,128.62936848604681,2283.2584355107183,4788.112196003233,11.469863132964035,6.347856316983731,42.43589743589744,1.7865190067506505,31.711922715426645,66.50155827782268,817.5115977677516,1472.0235709573292,1678,3,0
alto,5,29,785,338,447,2990.292602884758,5242.770505083239,4155.363583589979,3196.257295328789,115.65153013667464,2241.4823071570154,4842.866162706313,11.728793076248857,6.6896926239032615,43.05732484076433,1.606271251898259,31.131698710514105,67.26203003758768,831.0727167179957,1459.7015802789697,1679,3,0
alto,6,0,762,233,529,2224.0142380199622,4838.466785390681,4812.579988828277,2142.7037745472594,394.7531569963105,2609.4620212965024,5635.784821707191,9.146440047997507,4.204185705141706,30.577427821522306,4.5689022800498895,30.202106727968776,65.22899099198139,802.0966648047129,1453.9521927315182,1820,3,0
alto,6,1,727,200,527,2248.912321101239,4881.382092594483,4953.46103082245,1876.1074205266598,335.13955460496913,2615.226140215174,5689.6343051798585,9.26258461592881,4.26738580854125,27.51031636863824,3.878930030150106,30.26882106730525,65.85224890254466,825.5768384704083,1463.1167053071222,1781,3,0
alto,6,2,769,239,530,2337.6712392845848,4939.8604382814665,4883.1249531708645,2193.1993600523006,380.95742559353624,2572.970948675087,5686.071625731373,9.320491392983898,4.4107004514803485,31.079323797139143,4.409229462888151,29.7797563504061,65.8110141867057,813.8541588618108,1466.5253438855757,1829,3,0
alto,6,3,729,195,534,2174.0417462597643,4839.884996530864,4990.11875537957,1776.967448157162,243.13271080711053,2665.843250271091,5731.024038921802,9.063455049683265,4.071239225205551,26.74897119341564,2.8140360047119275,30.854667248508,66.33129674678011,831.6864592299283,1450.7340025487713,1797,3,0
alto,6,4,758,213,545,2534.629913667146,5250.034945111006,5038.115031008089,1984.7640531254829,154.3114624480432,2681.5242461632442,5804.164291388719,9.633091642405516,4.650697089297515,28.100263852242747,1.7860122968523517,31.03616025651903,67.1778274466287,839.6858385013483,1464.5556986581407,1848,3,0
alto,6,5,766,237,529,2602.424130022321,5225.217224881208,4835.32051147198,2260.755176996959,199.0771948189934,2599.355889902934,5841.566915278069,9.877537287110034,4.919516313841817,30.93994778067885,2.304134199293905,30.08513761461729,67.61072818608876,805.8867519119967,1463.1769082849341,1824,3,0
alto,6,6,750,217,533,2287.1768233773837,4896.699546900552,4896.168131129187,2017.4554393578921,374.66176622059515,2595.9562944079908,5669.381939371401,9.187053558912856,4.291138505398468,28.933333333333334,4.336363034960592,30.04579044453693,65.61784652050233,816.0280218548645,1458.7475163749293,1816,3,0
alto,6,7,771,238,533,2420.7260253067257,5070.024271148923,4958.782212078739,2281.413341380029,299.0584969314299,2635.848278871494,5705.093224197062,9.51224065881599,4.541699859862525,30.86900129701686,3.4613251959656233,30.50750322767933,66.03117157635488,826.4637020131231,1460.757254053144,1837,3,0
alto,6,8,788,253,535,2497.0676750771586,5199.315228154612,5038.848717857108,2362.503302770005,158.78183275643403,2688.3909915865056,5792.82717565705,9.718346220849742,4.667416215097493,32.10659898477157,1.8377526939402085,31.11563647669567,67.046610829364,839.8081196428512,1467.4723913201262,1858,3,0
alto,6,9,778,254,524,2658.5853523607248,5336.76062052723,4849.825415413313,2382.525423389602,209.73241266881772,2669.9942333798713,5760.273353951308,10.184657672761888,5.0736361686273375,32.64781491002571,2.427458479963168,30.90271103448925,66.66983048554755,808.3042359022188,1457.304782760698,1826,3,0
alto,6,10,736,200,536,2290.184166175466,4967.605306519432,4973.862627313346,1902.8992813427787,306.3524473523041,2670.288566361599,5663.358986286091,9.267920347984015,4.272731653312436,27.173913043478258,3.545745918429446,30.90611766622221,65.54813641534827,828.9771045522243,1466.9012120784432,1808,3,0
alto,6,11,671,153,518,1923.3902119242157,4486.609509225624,4805.81903598334,1474.1427160168494,587.3199377041216,2544.2267917673735,5508.453270528515,8.661408318968386,3.7131085172282154,22.801788375558868,6.797684464168073,29.447069349159417,63.75524618667262,800.9698393305566,1463.9363861616785,1707,3,0
alto,6,12,755,227,528,2401.697845137889,5093.921927089104,4827.789077806716,2049.821780061344,295.98617894653495,2672.6363098396782,5671.3775112137755,9.647579407365727,4.548670161246002,30.066225165562916,3.4257659600293393,30.933290623144423,65.6409434168261,804.631512967786,1466.0295270190388,1811,3,0
alto,6,13,740,204,536,2310.013455681944,4990.347800014753,5034.33498887624,1881.5670656170316,217.11119667909804,2667.6427285489535,5755.246074771958,9.310350373161853,4.309726596421537,27.56756756756757,2.512861072674746,30.875494543390662,66.6116443839347,839.0558314793733,1464.9987211106973,1812,3,0
alto,6,14,727,193,534,2407.969242827192,5035.089680308562,4900.396243618175,1789.0221226633423,235.2316308144357,2610.7609016416463,5794.007467543917,9.4290068919636,4.509305698178262,26.5474552957359,2.7225883196115244,30.21714006529683,67.06027161509164,816.7327072696958,1467.046907824663,1795,3,0
alto,6,15,773,224,549,2402.2149861466023,5108.6891761495535,5166.331954876512,2077.14754358282,235.2290981405365,2692.8154757219136,5711.955426137551,9.305444765299733,4.375619282598547,28.978007761966364,2.7225590062562097,31.16684578381844,66.11059520992535,861.055325812752,1465.3727503698874,1871,3,0
alto,6,16,746,224,522,2398.1609504887524,5032.812252614989,4883.606463288503,2033.125667204119,269.7256104477683,2627.2749077049666,5742.999481847256,9.641402782787335,4.594178066070407,30.02680965147453,3.1218241949973184,30.408274394733407,66.46990141026917,813.9344105480837,1454.318267284953,1790,3,0
alto,6,17,764,229,535,2225.84856785026,4873.93543693194,4984.95318162142,2137.232403054916,275.85633777027056,2642.9494591726866,5721.19420305705,9.110159695199888,4.160464612804224,29.973821989528798,3.192781687155909,30.589692814498687,66.21752549834548,830.8255302702368,1455.9555509797701,1834,3,0
alto,6,18,770,239,531,2242.8328130352224,4870.562375666577,4913.947124831372,2274.129326692126,289.31441528288195,2608.2757762386245,5742.409808478482,9.172433852479429,4.2237906083525845,31.038961038961038,3.348546473181504,30.188377039798898,66.46307648701946,818.9911874718954,1463.9410014005139,1832,3,0
alto,6,19,732,196,536,2144.004530860085,4817.601283586828,4981.662923440054,1869.2706512926784,316.7915573093325,2671.3639715687623,5651.844471121909,8.988062096244082,4.000008453097174,26.775956284153008,3.6665689503394967,30.91856448574956,65.41486656391099,830.2771539066757,1449.5572915790315,1804,3,0
alto,6,20,728,205,523,2127.3760342679207,4741.970247477244,4815.378087023493,1902.6703549678982,437.2838152190817,2613.392012424749,5589.324172356164,9.06686471792972,4.067640600894686,28.15934065934066,5.0611552687393715,30.247592736397554,64.69125199486301,802.5630145039155,1452.045733718783,1774,3,0
alto,6,21,701,181,520,2006.1493141211276,4566.32251497108,4853.201204394195,1730.475341573328,550.1068640674907,2553.461183445027,5536.431952487483,8.781389451867462,3.857979450232938,25.82025677603424,6.3669775933737345,29.55394888246559,64.07907352416068,808.8668673990325,1471.6438493474757,1741,3,0
alto,6,22,725,185,540,2084.898109054893,4736.331682212102,5028.204637112985,1762.6082017019583,394.87909307348264,2642.478266828583,5602.642640097947,8.770984596689079,3.8609224241757283,25.517241379310345,4.570359873535679,30.584239199404895,64.84540092705957,838.0341061854975,1463.1787947431012,1805,3,0
alto,6,23,767,243,524,2410.694084436811,5017.628933653912,4883.8258793373425,2298.2430037081285,241.16507106015234,2589.4543456850006,5809.38058325484,9.57562773598075,4.600561229841242,31.681877444589308,2.791262396529541,29.97053640839121,67.23820119507916,813.970979889557,1463.2189005272382,1815,3,0
alto,6,24,731,203,528,2185.7638665130644,4777.640194070859,4872.994371269639,1920.4401084313608,412.46297780353143,2581.3047548044806,5646.232267391976,9.048560973619052,4.139704292638379,27.770177838577293,4.7738770579112435,29.876212439866674,65.34991050222195,812.1657285449397,1464.6795913279966,1787,3,0
alto,6,25,733,211,522,2415.7308696161244,5079.9098240807525,4855.512686043462,1986.3264523585935,243.19303219927033,2657.011022948196,5739.795944852527,9.73162801548037,4.627836914973418,28.785811732605733,2.814734168973036,30.752442395233754,66.43282343579314,809.252114340577,1461.007197520337,1777,3,0
alto,6,26,763,232,531,2329.066723876237,4973.82825164512,5003.876730975131,2167.6101943127837,255.72612631932077,2640.592104677916,5743.68176900276,9.36690819518855,4.386189687149223,30.40629095674967,2.9597931286958423,30.56240861895736,66.47779825234676,833.9794551625218,1462.2515572920195,1825,3,0
alto,6,27,733,205,528,2202.146018711081,4862.750871777439,4912.266976870111,1866.5934137881386,459.2330329065046,2647.9100928177863,5532.856874275714,9.209755438972422,4.170731096043714,27.967257844474762,5.315197140121581,30.647107555761416,64.03769530411707,818.7111628116851,1463.3270613997422,1789,3,0
alto,6,28,780,248,532,2327.029368716433,5031.783177858385,4892.369529291394,2255.875171092425,321.8176301576578,2693.23170560558,5624.950664236762,9.458239056124784,4.3741153547301375,31.794871794871792,3.724741089787706,31.17166325932384,65.10359565088845,815.3949215485658,1461.447496792453,1844,3,0
alto,6,29,785,248,537,2542.2794708702263,5257.303445567435,5083.857805123766,2267.7630737950094,230.334336867724,2701.2878711641583,5708.377791968128,9.7901367701442,4.734226202737852,31.59235668789809,2.6659066767097688,31.264905916251834,66.06918740703853,847.3096341872944,1470.1151256665576,1859,3,0
alto,7,0,762,157,605,2664.6448886438957,5693.304675499507,5528.480515958278,1426.8032474172583,578.4778920048132,3022.0872967569912,6479.434811238198,9.410420951238853,4.40437171676677,20.603674540682416,5.738867976238226,29.981024769414592,64.2801072543472,789.7829308511826,1453.357460760466,1972,4,0
alto,7,1,727,125,602,2560.951546993283,5607.292338591126,5589.056866269079,1240.511585080031,637.8258018460112,3028.980137327597,6413.194060826387,9.314439100649711,4.254072337198145,17.1939477303989,6.327636923075508,30.049406124281713,63.62295695264273,798.4366951812971,1460.3449844083023,1931,4,0
alto,7,2,769,146,623,2588.7298900994874,5656.544885355319,5736.905149275117,1339.4191639480546,534.6736816466841,3030.861612859879,6514.464705493446,9.07952630073085,4.155264671106721,18.985695708712612,5.304302397288533,30.068071556149594,64.62762604656196,819.5578784678738,1467.2880728735952,2015,4,0
alto,7,3,729,118,611,2588.578257698905,5632.015101706949,5704.120400939117,1062.9658025976137,467.63769682450777,3042.8794792136487,6569.482823961856,9.217700657458183,4.236625626348453,16.18655692729767,4.639262865322498,30.187296420770327,65.17344071390731,814.8743429913023,1449.404255406017,1951,4,0
alto,7,4,758,134,624,2888.387276643838,6018.070076769785,5774.648289805632,1248.230794327942,295.6280312646136,3093.645777378997,6690.726191356391,9.644343071746452,4.628825763852305,17.678100263852244,2.9328177704822775,30.69093033114084,66.37625189837689,824.9497556865189,1464.9321165966976,2006,4,0
alto,7,5,766,155,611,3006.7688727258565,6045.795276325195,5659.860736675149,1436.2149517937894,317.4864609518245,3016.2744135467756,6746.23912550139,9.894918619190172,4.921061984821369,20.234986945169712,3.149667271347465,29.923357277249757,66.92697545140268,808.5515338107356,1461.1032365061856,1988,4,0
alto,7,6,750,132,618,2672.4348277984873,5727.6384175111,5706.914235825084,1206.7093346619918,486.27611346786966,3036.3862587011163,6557.3376278310025,9.268023329305986,4.324328200321177,17.599999999999998,4.824167792339977,30.122879550606314,65.0529526570536,815.2734622607262,1464.0690891859012,1986,4,0
alto,7,7,771,154,617,2871.637050623005,5955.632333841137,5768.402355188656,1471.793198270112,373.9334187067036,3059.2554106699013,6646.811170623401,9.652564560520482,4.654192950766621,19.974059662775616,3.7096569316141235,30.349756058233147,65.9405870101528,824.0574793126651,1463.2838497427972,2005,4,0
alto,7,8,788,170,618,3030.0333991075595,6171.262718214311,5798.5428140883005,1602.8092065388062,238.51326076170778,3125.2782764880035,6716.2084627503,9.985862003583026,4.902966665222588,21.573604060913706,2.366202983747101,31.004744806428608,66.62905220982441,828.3632591554715,1466.9055273913732,2024,4,0
alto,7,9,778,173,605,3341.049078600614,6450.453711845823,5625.920773129527,1606.4300656733872,278.1596762854225,3093.762883122422,6708.077440592155,10.661906961728633,5.522395171240684,22.236503856041132,2.7595205980696678,30.69209209446847,66.54838730746185,803.7029675899324,1468.4698087323889,1988,4,0
alto,7,10,736,126,610,2542.0301158719326,5593.315462691064,5682.27907946577,1194.4828291903552,546.5006581685659,3039.514423360989,6493.984918470432,9.169369610968957,4.167262485035955,17.119565217391305,5.421633513577043,30.15391293016854,64.42445355625428,811.7541542093958,1467.708092843191,1956,4,0
alto,7,11,671,89,582,1996.7168488279601,4859.395460297138,5432.488918394478,847.4728336057088,972.3469853978593,2840.7853449293516,6266.867669672782,8.349476735905736,3.4307849636219245,13.263785394932937,9.646299458312097,28.182394294934042,62.17130624675379,776.0698454849254,1463.3823946844313,1835,4,0
alto,7,12,755,141,614,2774.0836239458667,5893.803729650683,5597.51587085601,1280.094987012052,433.13301441468354,3095.545947894579,6551.321037690743,9.599028875652579,4.518051504797828,18.67549668874172,4.296954508082178,30.709781229112888,64.99326426280498,799.6451244080015,1463.998908403601,1983,4,0
alto,7,13,740,119,621,2525.0431645179897,5625.201939324776,5810.784928844228,1105.1171256490454,428.27227392820123,3087.594288220145,6564.133437851658,9.058296198590622,4.066092052363913,16.08108108108108,4.248732876271838,30.63089571646969,65.1203714072585,830.1121326920326,1464.1070418092343,1982,4,0
alto,7,14,727,111,616,2535.2806766111753,5561.329764953505,5657.097837015873,1032.320529265647,398.151137820864,3001.6370204947343,6680.211841684388,9.028132735314133,4.115715384109051,15.268225584594223,3.94991208155619,29.77814504459062,66.27194287385305,808.1568338594104,1467.999778102303,1959,4,0
alto,7,15,773,137,636,2999.5079506187276,6132.976155532705,5963.047418193045,1280.432080266288,366.34284584480986,3121.355868552211,6592.301285602992,9.643044269705511,4.716207469526301,17.72315653298836,3.634353629412796,30.96583202928781,65.39981434129952,851.8639168847207,1463.415406624006,2045,4,0
alto,7,16,746,150,596,2681.7213025407586,5665.566938896083,5555.069494571147,1361.6626359214747,450.76380474289476,2973.7292202487743,6655.506975008331,9.505984796805508,4.499532386813353,20.10723860589812,4.471863142290623,29.501281946912446,66.02685491079694,793.5813563673066,1457.5453780670196,1938,4,0
alto,7,17,764,149,615,2712.0468557825498,5764.821792014175,5743.013432348328,1379.1721523280075,417.0524263817456,3047.6375263226328,6615.310047295629,9.373693970754756,4.409832285825284,19.50261780104712,4.13742486489827,30.23449926907374,65.62807586602807,820.4304903354754,1455.9555509797701,1994,4,0
alto,7,18,770,152,618,2791.599199213038,5852.81667291569,5737.057739285962,1451.0187122375346,443.96126238343896,3039.1816825922942,6596.857055024256,9.470577140640275,4.517150807788087,19.74025974025974,4.404377603010308,30.15061193047911,65.44501046651048,819.5796770408517,1463.4840210430773,2006,4,0
alto,7,19,732,122,610,2379.904601984439,5448.585778595168,5696.797390539047,1154.1361841936832,494.2798999702229,3067.666669162648,6518.053430867131,8.932107833762572,3.901482954072851,16.666666666666664,4.9035704362125285,30.433201082962775,64.66322848082471,813.8281986484353,1450.0518674856307,1952,4,0
alto,7,20,728,125,603,2486.2821743603904,5525.063788958562,5545.757239976699,1172.2912020146928,589.8910360947018,3037.579413813589,6452.52955009171,9.162626515685842,4.123187685506451,17.17032967032967,5.852093612050613,30.13471640688084,64.01318998106855,792.2510342823855,1453.9426041344948,1934,4,0
alto,7,21,701,104,597,2205.41702339071,5136.361693043416,5590.804044064993,992.8725019025302,765.685311099007,2919.2892180640392,6395.0254708369575,8.603620926370882,3.694165868326147,14.835948644793154,7.596084435506022,28.961202560159123,63.44271300433489,798.6862920092847,1475.9375222540707,1895,4,0
alto,7,22,725,116,609,2482.385912043525,5494.440648787124,5668.925372866614,1121.8874659483279,633.5397991790933,2992.4814549624807,6453.978745858427,9.022070030849136,4.07616734325702,16.0,6.285117055348148,29.68731602145318,64.02756692319868,809.8464818380878,1463.2277620910413,1943,4,0
alto,7,23,767,162,605,2896.704585118374,5914.733771738282,5629.484082671065,1552.5848003744054,378.30586632071925,3000.5486830878,6701.145450591482,9.776419457418648,4.787941463005577,21.121251629726206,3.7530343881023733,29.767348046505955,66.47961756539168,804.2120118101521,1463.2189005272382,1977,4,0
alto,7,24,731,122,609,2572.426405090925,5614.661293602091,5632.84777177481,1160.5867079261855,434.17560504895505,3031.877730457295,6613.946664493741,9.21947667258143,4.224017085535181,16.689466484268127,4.307297669136459,30.07815208786999,65.61455024299346,804.6925388249729,1464.4651766285515,1949,4,0
alto,7,25,733,128,605,2911.192682825075,5982.375203743004,5654.925059685712,1186.9140787163487,375.44473950203263,3058.5566314668395,6645.998629031116,9.888223477261164,4.811888731942273,17.462482946793997,3.724650193472546,30.34282372486944,65.9325260816579,807.8464370979589,1460.47201861012,1943,4,0
alto,7,26,763,135,628,2843.22449747051,5949.867301054912,5904.101009174382,1267.385916113534,265.9376720013383,3102.473380493434,6711.5889475052445,9.474310988940942,4.52742754374285,17.693315858453474,2.638270555568832,30.778505758863435,66.5832236855679,843.443001310626,1462.2515572920195,2019,4,0
alto,7,27,733,126,607,2601.289337252529,5654.987075117394,5602.835838716033,1176.0245519422147,566.0167348551367,3031.4435103974633,6482.539754747401,9.316288426882032,4.285484904864133,17.189631650750343,5.6152453854676265,30.073844349181183,64.31091026535121,800.4051198165762,1462.7508166754726,1947,4,0
alto,7,28,780,164,616,2723.0699535927383,5882.158189314978,5638.590991383912,1509.6537089999013,467.046303067,3140.4068911291,6472.546805803893,9.548958099537302,4.420568106481718,21.025641025641026,4.633395863759921,31.1548302691379,64.21177386710212,805.5129987691304,1461.4268806945,2012,4,0
alto,7,29,785,161,624,2979.4631997447536,6126.180456273531,5835.751915808233,1515.8689631105433,354.81634034779006,3134.067869971485,6591.1157896807235,9.817596885053735,4.774780768821721,20.50955414012739,3.5200033764661716,31.09194315447902,65.3880534690548,833.6788451154619,1472.2383321972143,2033,4,0
alto,8,0,762,94,668,2511.134206398736,5842.694967525729,6089.260804311961,866.0229590635814,1034.8071285091964,3325.724694364154,7159.468177126659,8.746549352583427,3.7591829437106825,12.335958005249344,8.982700768308998,28.86913797191106,62.148161259780025,761.1576005389951,1453.4998460304378,2098,5,0
alto,8,1,727,60,667,2550.337512808056,5908.279650336376,6235.076041350688,594.4924099984212,1084.9969529079513,3325.6669568488073,7109.336090243234,8.857990480264432,3.823594471976096,8.253094910591471,9.418376327325966,28.868636778201452,61.71298689447252,779.384505168836,1467.4618678323188,2061,5,0
alto,8,2,769,88,681,2442.4218118394474,5803.664000308522,6289.341719001701,786.9825942214669,941.2861401223784,3328.4556760262876,7250.258183851338,8.522267254491222,3.5865224843457377,11.443433029908972,8.170886633006756,28.892844409950413,62.93626895704286,786.1677148752126,1460.6310904723564,2131,5,0
alto,8,3,729,55,674,2390.9652055571187,5746.985846964539,6264.745563339877,502.34064019684917,880.5988865706025,3356.020641407428,7283.380472021973,8.526685232885072,3.547426121004627,7.544581618655692,7.64408755703648,29.132123623328365,63.22378881963518,783.0931954174846,1448.975396743074,2077,5,0
alto,8,4,758,60,698,2779.282690040639,6270.63299891444,6458.750610036816,564.1284740967559,623.1479829904839,3465.3819166761978,7431.470100333316,8.983714898158222,3.981780358224411,7.9155672823219,5.409270685681284,30.08144024892533,64.50928906539336,807.343826254602,1461.7371713375765,2154,5,0
alto,8,5,766,72,694,3145.177569582995,6565.798411572588,6419.888216253532,676.1874722154083,544.600543038513,3393.2035657320644,7582.19589122941,9.460804627626207,4.531956152136881,9.39947780678851,4.7274352694315365,29.454892063646394,65.81767266692196,802.4860270316915,1460.9360278054849,2154,5,0
alto,8,6,750,61,689,2662.354899443163,6089.601977015054,6358.033822408225,555.5897480788514,841.7983657829495,3415.558410016436,7262.643224200618,8.838319269978308,3.86408548540372,8.133333333333333,7.30727748075477,29.648944531392672,63.04377798785258,794.7542278010282,1462.6570250491584,2128,5,0
alto,8,7,771,77,694,2766.649128087497,6202.940166048246,6501.622824721944,738.5727287368231,648.670005896954,3408.948749801392,7462.381244301673,8.937954129752516,3.9865261211635405,9.987029831387808,5.630816023411059,29.591569008692638,64.77761496789647,812.702853090243,1463.9400053677869,2159,5,0
alto,8,8,788,96,692,3097.948071716106,6635.457826773414,6485.325590060138,916.0264305669666,468.5032801160509,3516.2711484251104,7535.225571458841,9.588811888400887,4.4768035718440835,12.18274111675127,4.066868751007386,30.523187052301303,65.40994419669133,810.6656987575172,1469.1541063026216,2172,5,0
alto,8,9,778,96,682,3244.2498478760517,6752.923132573298,6366.509080751371,865.8417580515459,482.7921254016972,3499.533840218608,7537.674034379693,9.901646821954982,4.756964586328522,12.339331619537274,4.190903866334177,30.377897918564305,65.4311982151015,795.8136350939213,1465.9320025172958,2142,5,0
alto,8,10,736,57,679,2420.6550524148142,5823.118416053209,6342.000689169898,534.7612194862287,1015.2928024363771,3392.1297704849526,7112.577427078679,8.57602123130075,3.5650295322751315,7.744565217391304,8.813305576704662,29.445570924348548,61.74112349894686,792.7500861462372,1467.3482562239765,2094,5,0
alto,8,11,671,40,631,1645.3542992346927,4773.634762135497,5902.865124569126,377.09662743106423,1652.2836954780585,3101.989710920181,6765.726593601763,7.565189797362119,2.607534547123126,5.961251862891207,14.342740412135925,26.92699401840435,58.730265569459746,737.8581405711408,1466.3000755063122,1933,5,0
alto,8,12,755,80,675,2648.889854391557,6082.967549080528,6119.448818201907,758.162039666155,803.3002521699523,3407.2467447143895,7309.453003115668,9.011803776415597,3.9242812657652695,10.596026490066226,6.973092466753059,29.57679465897908,63.45011287426795,764.9311022752383,1463.799019725093,2105,5,0
alto,8,13,740,54,686,2401.6356771582778,5840.079632384381,6409.55786569979,506.3441887934795,823.4378860227633,3417.522870337506,7279.039243639734,8.51323561572067,3.5009266430878685,7.297297297297297,7.147898316169821,29.665997138346405,63.1861045454838,801.1947332124738,1459.7838252312413,2112,5,0
alto,8,14,727,48,679,2308.2859779162,5643.778038827203,6224.327575198053,465.09079108346265,839.4991358524805,3311.0799930634103,7369.420871084115,8.311896964399416,3.399537522704271,6.602475928473177,7.287318887608338,28.74201382867544,63.970667283716274,778.0409468997566,1465.464273896175,2085,5,0
alto,8,15,773,59,714,2924.615679581163,6439.752429931815,6694.029782874636,549.4497155846962,627.7897577716969,3498.4289874215538,7393.781254806753,9.019261106347079,4.096100391570256,7.632600258732213,5.4495638695459805,30.368307182478766,64.18212894797529,836.7537228593295,1466.4950672442994,2201,5,0
alto,8,16,746,79,667,2593.567620845414,5938.25968456746,6200.916661541826,715.8154689507976,791.4508323475242,3336.3280424361546,7392.221125216317,8.90293805782228,3.8884072276542936,10.589812332439678,6.870232919683369,28.961180923924957,64.16858615639164,775.1145826927283,1454.318267284953,2080,5,0
alto,8,17,764,78,686,2875.9725161367887,6288.243182728733,6411.028277749478,711.1573069268544,799.3777777584999,3407.1332566829383,7313.4889655585575,9.166535251791156,4.1923797611323455,10.209424083769633,6.9390432097092,29.57580951981717,63.48514727047358,801.3785347186847,1455.9555509797701,2136,5,0
alto,8,18,770,80,690,2937.5740175642095,6351.630248893034,6409.579606455585,778.4968450679123,719.441361987142,3385.57278393289,7414.985854079956,9.20526123027976,4.2573536486437815,10.38961038961039,6.245150711693941,29.38865263830634,64.36619664999962,801.1974508069482,1465.146428694248,2150,5,0
alto,8,19,732,59,673,2128.3380169304464,5482.572833294079,6314.997292480551,535.9362822521792,934.5932355828992,3354.2348163636343,7231.171948053471,8.14646780578615,3.162463620996206,8.060109289617486,8.112788503323777,29.116621669823218,62.770589826853055,789.3746615600688,1449.992785018405,2078,5,0
alto,8,20,728,63,665,2348.0967288284364,5671.895518925587,6119.886767288015,598.1616747033809,1025.5364435615807,3322.596589312566,7171.866967125838,8.529166193873063,3.5309725245540395,8.653846153846153,8.902226072583165,28.841984282227134,62.255789645189566,764.9858459110019,1452.045733718783,2058,5,0
alto,8,21,701,47,654,2104.3991266402463,5330.339793506643,6156.048130682971,427.62841528455783,1272.8746045200146,3210.5661877458774,7036.559207734108,8.150366656737987,3.217735667645637,6.704707560627675,11.049258719791794,27.869498157516297,61.08124312269191,769.5060163353713,1476.014174127897,2009,5,0
alto,8,22,725,53,672,2271.8518101778304,5600.698973837726,6309.2765876220365,481.53625119290865,1194.4082748429555,3303.644701716933,7021.947023440118,8.334373472972807,3.3807318603836762,7.310344827586207,10.368127385789544,28.677471369070602,60.95440124513991,788.6595734527546,1467.0931731624735,2069,5,0
alto,8,23,767,92,675,2941.570183577306,6302.500737179709,6255.408051286194,926.6608317592713,656.0328174769686,3343.450050070316,7520.5171324527155,9.337038129155125,4.357881753447861,11.994784876140809,5.694729318376464,29.023003906860385,65.28226677476316,781.9260064107742,1463.2189005272382,2117,5,0
alto,8,24,731,57,674,2268.192516670061,5600.851485899837,6249.640052161218,543.7944275397775,917.5176180608754,3323.808000880492,7278.6743810586395,8.309868673441894,3.3652707962463815,7.7975376196990425,7.964562656778432,28.852500007643155,63.18293733557847,781.2050065201522,1464.4651766285515,2079,5,0
alto,8,25,733,63,670,2784.8053234582894,6211.690509158808,6261.3240174660705,580.515120935992,668.5252497194482,3416.497702262469,7434.977048018076,9.271179864416132,4.156425855907894,8.594815825375171,5.8031705704813215,29.657098109917264,64.53973131960136,782.6655021832588,1461.7591996153385,2073,5,0
alto,8,26,763,74,689,2436.8470446585156,5856.138344431702,6457.275800292071,714.2111249958407,713.2393229447441,3414.650815610378,7392.109861444878,8.4994751007717,3.5367881635101823,9.698558322411534,6.191313567228682,29.641066107728975,64.16762032504235,807.1594750365089,1462.2515572920195,2141,5,0
alto,8,27,733,63,670,2414.7564838509697,5764.2130474575215,6213.963953624304,564.8964370339496,1032.5255398193178,3326.266021059751,7161.20843912093,8.603303055906748,3.6041141550014473,8.594815825375171,8.962895310931579,28.87383698836589,62.16326770070252,776.745494203038,1463.5909657105065,2073,5,0
alto,8,28,780,94,686,2865.4489585494557,6367.985717546463,6302.828703791869,845.4159965919503,836.705434750508,3478.4364691525343,7204.858096096974,9.282778013916127,4.177039298177049,12.051282051282051,7.263068009987047,30.194761016949084,62.542170973064,787.8535879739836,1467.5984625499368,2152,5,0
alto,8,29,785,80,705,3027.153372762301,6572.153540847861,6607.1498804854555,744.4709984333158,568.0201100556847,3529.855672469948,7422.124217474369,9.322203604039519,4.293834571294044,10.191082802547772,4.930730122011152,30.6411082679683,64.42816161002057,825.8937350606819,1469.2407285670934,2195,5,0
alto,9,0,762,50,712,1722.7896867665158,5265.74988898847,6506.206635564914,449.07712781062645,1747.1161430401212,3542.3425959550505,7670.541261004835,7.395716136219761,2.4196484364698256,6.561679790026247,13.480834437037972,27.332890400887734,59.186275162074345,722.9118483961015,1449.5792729242019,2186,5,0
alto,9,1,727,22,705,1405.0375456565382,4967.088317439466,6627.679316826163,201.88913452294864,1908.2810415915524,3540.1851654655584,7511.533792942893,7.045515343885767,1.9929610576688486,3.0261348005502064,14.724390753021238,27.31624356069104,57.959365686287754,736.4088129806847,1462.7240518040078,2137,5,0
alto,9,2,769,56,713,1626.3496934071525,5142.938848748468,6547.045155070325,529.2791581528409,1804.3118860187283,3486.862395733837,7668.825718247432,7.213097964584107,2.2809953624223738,7.282184655396619,13.92215961434204,26.904802436217878,59.17303794944006,727.4494616744805,1459.9547811907519,2195,5,0
alto,9,3,729,25,704,1425.2122963984639,4933.138525374089,6544.89706446119,222.18913907553653,1782.413849858838,3507.1539289950197,7670.432221146159,7.007299041724559,2.024449284656909,3.4293552812071333,13.753193285947823,27.06137290891219,59.18543380514011,727.2107849401323,1450.1036329389065,2137,5,0
alto,9,4,758,22,736,1596.5587160597531,5277.866572041607,6818.7369598491,204.1421242844724,1457.8124206061002,3649.8455393055733,7852.342040088317,7.1710143641869655,2.1692373859507517,2.9023746701846966,11.248552628133488,28.162388420567698,60.589058951298746,757.6374399832333,1461.6977835418843,2230,5,0
alto,9,5,766,29,737,1972.6253278215622,5615.985225071324,6810.37280518911,285.7028832798276,1282.3762030728483,3613.8865186126745,8063.737278314486,7.620061363733139,2.676560824723965,3.7859007832898173,9.894878110130003,27.884926841147177,62.22019504872288,756.7080894654567,1459.7479918835693,2240,5,0
alto,9,6,750,31,719,1566.3605266034642,5141.028699657584,6630.470324572198,283.1532459148822,1735.6913171545814,3570.2913333059796,7654.017349539436,7.150248539162147,2.178526462591744,4.133333333333333,13.392679916316213,27.54854423847207,59.0587758452117,736.7189249524664,1459.5225173240217,2188,5,0
alto,9,7,771,35,736,1710.074867362516,5373.754488297791,6920.350484791987,319.8450686667795,1471.4412587604877,3630.9059161601886,7857.6528250793435,7.301296859100259,2.3234712871773313,4.539559014267185,11.353713416361789,28.016249353087876,60.63003723055049,768.9278316435541,1467.283149684029,2243,5,0
alto,9,8,788,51,737,2045.2276653628248,5808.084960950574,6906.947903645757,494.40411698134693,1187.220023228784,3748.714568397091,8024.065408374125,7.880712294369842,2.7750714591083105,6.472081218274112,9.160648327382592,28.925266731459036,61.914084941158364,767.4386559606396,1465.0491000364136,2262,5,0
alto,9,9,778,38,740,2096.740435255072,5864.918695084539,6871.234573097634,361.1162657052867,1064.5491379991104,3762.927127637042,8132.523734363836,7.925565804168295,2.833433020614962,4.884318766066838,8.214113719128937,29.034931540409275,62.750954740461694,763.4705081219594,1461.5650383378058,2258,5,0
alto,9,10,736,32,704,1413.433682834152,4935.804932857448,6575.22360516821,301.5383034879177,2033.004971959369,3519.679794328252,7407.315233712392,7.011086552354329,2.0077182994803295,4.3478260869565215,15.686766758945748,27.15802310438466,57.15521013666969,730.5804005742456,1464.251265508102,2144,5,0
alto,9,11,671,17,654,1087.1049286080486,4329.824616185562,6123.464609744437,156.49714225575335,2765.4297969990093,3217.5164122318015,6977.0537907691805,6.620526936063551,1.6622399520000744,2.533532041728763,21.338192878078775,24.82651552647995,53.835291595441205,680.3849566382709,1463.4666406607112,1979,5,0
alto,9,12,755,35,720,1685.297932723128,5341.646265213817,6543.124800780027,334.48605708803285,1558.6643129975203,3633.704618334068,7767.631068668428,7.418953146130302,2.3406915732265667,4.635761589403973,12.026730810166052,28.03784427726904,59.93542491256504,727.0138667533363,1459.046125449834,2195,5,0
alto,9,13,740,22,718,1518.8319363487667,5114.464544958159,6701.412170383923,214.4898841093432,1741.446983529887,3577.339988300582,7641.213028169512,7.123209672643676,2.115364813856221,2.9729729729729732,13.43709092229851,27.602932008492143,58.95997706920919,744.6013522648803,1459.4154368328389,2176,5,0
alto,9,14,727,14,713,1199.2427116597664,4722.758704738689,6554.294512529256,135.12385375225827,1699.747613858336,3513.2620913120645,7746.990294829593,6.6237849996335045,1.6819673375312292,1.925722145804677,13.115336526684693,27.108503790988152,59.776159682327105,728.254945836584,1461.906276160133,2153,5,0
alto,9,15,773,28,745,1736.0709088749527,5417.015709999304,6991.062391207539,252.41710725179271,1503.8285716792948,3676.9401558510185,7779.2312724696785,7.271162026844703,2.330296521979802,3.6222509702457955,11.603615522216781,28.371451819838107,60.02493265794505,776.784710134171,1458.4767381786046,2263,5,0
alto,9,16,746,36,710,1717.3360322478902,5285.862119422168,6593.064585781263,323.6675447113587,1516.1435303938567,3562.4633008262294,7881.393168779914,7.444876224538264,2.418783144011113,4.825737265415549,11.69863835180445,27.48814275328881,60.81321889490674,732.5627317534737,1454.318267284953,2166,5,0
alto,9,17,764,41,723,1602.5650845625362,5181.288422175044,6741.539378234291,380.6462064420415,1653.5983571478946,3573.5859277035165,7732.815715148608,7.166374027904625,2.216549217928819,5.366492146596859,12.759246582931286,27.573965491539482,59.666787925529384,749.0599309149212,1455.9555509797701,2210,5,0
alto,9,18,770,32,738,1972.4145050532861,5596.318572678681,6899.792976183664,288.28347533983634,1398.327644320334,3599.4588762188405,7962.213479460841,7.583087496854582,2.672648380831011,4.1558441558441555,10.789565156792701,27.773602439960186,61.43683240324723,766.6436640204071,1463.169311170867,2246,5,0
alto,9,19,732,30,702,1146.023448681496,4662.607838535486,6574.73894713966,276.19462759307015,1975.7862999139593,3516.5843898539915,7467.629310232042,6.641891507885307,1.632512035158826,4.098360655737705,15.245264659829932,27.134138810601787,57.620596529568225,730.5265496821844,1447.4851945827795,2136,5,0
alto,9,20,728,29,699,1539.412029027418,5041.110329665516,6421.941244816677,296.1071971747197,1912.1939366663023,3500.4960998535207,7547.309963480177,7.211888883641653,2.2023061931722716,3.983516483516483,14.754582844647393,27.010000770474697,58.235416384877915,713.5490272018529,1452.6669617864525,2126,5,0
alto,9,21,701,21,680,1290.2485084395976,4653.309992804451,6391.165816949168,192.51072901835857,2282.838809719219,3345.3064008214524,7331.854789459331,6.843102930594781,1.8974242771170553,2.9957203994293864,17.61449698857422,25.812549389054418,56.57295362237138,710.1295352165743,1476.014174127897,2061,5,0
alto,9,22,725,22,703,1547.371651406604,5038.498350613394,6587.612517406646,203.20032140830193,2134.084308586036,3466.33471841586,7359.580972998118,7.167138478824174,2.2010976549169334,3.0344827586206895,16.466699911929293,26.746409864319908,56.78689022375091,731.9569463785161,1463.318275443571,2131,5,0
alto,9,23,767,50,717,1777.712512899577,5353.487928285138,6702.907786065401,479.1610969800654,1432.7609598669922,3558.2949118534625,7968.944128279546,7.466510360230318,2.479375889678629,6.51890482398957,11.055254319961358,27.455979258128572,61.48876642191008,744.7675317850445,1463.2189005272382,2201,5,0
alto,9,24,731,30,701,1256.8402442640686,4719.856266626619,6499.658840631913,293.77563906907983,1951.6115790845663,3454.1650540132587,7554.223366902167,6.7330331906228515,1.792924742174135,4.1039671682626535,15.058731320096964,26.652508132818355,58.288760547084614,722.1843156257681,1464.4651766285515,2133,5,0
alto,9,25,733,23,710,1620.8069791236267,5239.445094731788,6635.2848054010965,206.5543330009625,1488.0351151985665,3616.7326779722302,7855.232206829219,7.379500133425054,2.2828267311600374,3.1377899045020468,11.481752432087704,27.906887947316587,60.61135962059583,737.2538672667885,1460.47201861012,2153,5,0
alto,9,26,763,39,724,1544.5503655522925,5132.356225610309,6808.505572453382,362.98135283453104,1616.8078947481704,3583.6364369670478,7759.555668284789,7.088889814378879,2.1333568584976415,5.111402359108781,12.475369558242056,27.65151571733833,59.87311472441967,756.500619161487,1462.2515572920195,2211,5,0
alto,9,27,733,31,702,1428.9811878048463,4960.7840771933625,6514.7642980333485,264.09609262490727,1922.5305566645059,3520.4935312670036,7516.975912068499,7.066643984605929,2.035585737613741,4.229195088676671,14.834340715003902,27.16430193878861,58.00135734620756,723.8626997814831,1459.3676539130583,2137,5,0
alto,9,28,780,48,732,2091.740121621966,5814.131916462853,6727.264928722457,420.97977166135826,1491.2167544860029,3696.5071156809154,7772.276129833068,7.942803164566739,2.8575684721611556,6.153846153846154,11.506302117947554,28.52243144815521,59.97126643389713,747.4738809691619,1469.2505134420694,2244,5,0
alto,9,29,785,32,753,1801.5403255576323,5580.881324549815,7059.101638440053,292.51924047871915,1274.8106112546398,3764.1984190737903,7920.990969671565,7.41152898346589,2.392483832081849,4.076433121019108,9.836501630051233,29.04474088791505,61.11875748203368,784.3446264933392,1467.0406888928574,2291,5,0
alto,10,0,762,22,740,1156.171575227577,4827.6190698099535,6743.914094282891,211.36966909264947,2747.330911356982,3671.016949554977,7981.652139088052,6.523809553797235,1.5623940205778069,2.8871391076115485,19.078686884423487,25.49317326079845,55.42813985477814,674.3914094282891,1449.4501368691572,2242,6,0
alto,10,1,727,3,724,761.4498889311437,4419.344863971272,6807.660213835106,21.908237514004494,2995.8231919210157,3643.694590546147,7760.482217532831,6.104067491673028,1.0517263659269942,0.41265474552957354,20.804327721673722,25.303434656570467,53.89223762175577,680.7660213835106,1458.908215736898,2175,6,0
alto,10,2,769,19,750,1342.559445655969,5043.692440160184,6913.4661052077345,162.85820801543227,2722.9121611439773,3672.582258437697,8004.5055804183285,6.724923253546912,1.7900792608746254,2.4707412223667102,18.909112230166507,25.504043461372895,55.58684430846061,691.3466105207734,1459.9547811907519,2269,6,0
alto,10,3,729,5,724,983.661775414731,4591.029650371327,6724.591818968822,42.494384567904234,2880.9462240258017,3607.36787495659,7911.685901017615,6.341201174546032,1.3586488610700704,0.6858710562414266,20.00657100017918,25.051165798309654,54.94226320151121,672.4591818968822,1449.2514518763674,2177,6,0
alto,10,4,758,4,754,794.8012583997015,4569.385464601248,6987.110944637872,35.76813949569714,2602.6814921249343,3751.7586737775364,8045.559834097525,6.060192923874334,1.054113074800665,0.5277044854881267,18.074177028645376,26.05387967901067,55.871943292343914,698.7110944637873,1457.8937372974424,2266,6,0
alto,10,5,766,4,762,1194.9223383191434,4956.1663890550535,7052.903797547289,43.171890921647,2317.163708952329,3737.266316639322,8345.569974408343,6.504155366213981,1.5681395515999257,0.5221932114882507,16.091414645502287,25.953238309995292,57.95534704450238,705.290379754729,1457.4105704957876,2290,6,0
alto,10,6,750,11,739,925.5985531923178,4598.311356713436,6814.70345692097,98.92011356610766,2837.320256507566,3671.135782543953,7891.54396094848,6.222342837230631,1.252501425158752,1.4666666666666666,19.703612892413652,25.493998489888565,54.80238861769779,681.470345692097,1459.2042443784303,2228,6,0
alto,10,7,771,7,764,1113.472863325148,4908.346485930993,7167.85064955374,72.34490390502617,2426.7030863300224,3774.0510310819673,8199.245882588022,6.424537285249992,1.4574252137763717,0.9079118028534372,16.852104766180712,26.208687715846995,56.93920751797238,716.7850649553741,1463.1758944449414,2299,6,0
alto,10,8,788,21,767,1568.9889715096685,5477.731808026207,7210.350789377559,191.00123124954672,2074.6784774187445,3903.904416100628,8421.417106480638,7.141762461572629,2.0456179550321623,2.66497461928934,14.40748942651906,27.110447334032138,58.48206323944888,721.0350789377559,1460.4525279938423,2322,6,0
alto,10,9,778,17,761,1351.6490282236457,5236.17943220091,7070.449432152369,161.90140665055105,2098.2092521969385,3883.9093919965344,8417.881355806534,6.880656284101065,1.7761485259180627,2.185089974293059,14.570897584700962,26.971592999975936,58.45750941532315,707.0449432152369,1454.1144327624197,2300,6,0
alto,10,10,736,12,724,989.2670353140356,4613.48280045572,6754.49510701714,122.2668016389879,3153.5934456931996,3624.2157651416833,7622.190789165112,6.372213812784144,1.3663909327541928,1.6304347826086956,21.89995448398055,25.168165035706135,52.931880480313275,675.449510701714,1460.4480465599581,2184,6,0
alto,10,11,671,3,668,680.9294998147484,4001.3049598128873,6251.982501132586,27.979250867607725,3946.420586971016,3296.243311993285,7157.336101035717,5.989977484749831,1.019355538644833,0.44709388971684055,27.405698520632054,22.890578555508924,49.70372292385915,625.1982501132586,1462.2121563119763,2007,6,0
alto,10,12,755,11,744,989.2793684102622,4771.736737586475,6775.806448221142,101.80440964691901,2592.744584907236,3767.4035680711336,8039.851847021633,6.413624647293649,1.3296765704439009,1.456953642384106,18.005170728522472,26.162524778271763,55.83230449320579,677.5806448221142,1456.9942717553133,2243,6,0
alto,10,13,740,3,737,883.3481696992618,4574.39093901016,6889.104198995935,26.797855497330488,2887.542230875618,3680.223782579498,7832.233986544888,6.206771966092483,1.1985728218443172,0.40540540540540543,20.052376603302903,25.557109601246513,54.390513795450616,688.9104198995935,1461.1953052479194,2214,6,0
alto,10,14,727,3,724,542.6671650637313,4119.98761903181,6663.376222164986,26.042144116526607,2986.9203605391485,3572.718996220917,7840.360643239924,5.690590634021837,0.7495402832371979,0.41265474552957354,20.742502503744088,24.81054858486748,54.44694891138836,666.3376222164986,1458.6731112097386,2175,6,0
alto,10,15,773,8,765,1133.775190267625,4910.182162440625,7179.671912349758,63.80758610957419,2631.9109277857433,3774.8639998333656,7993.225072380905,6.418538774432189,1.4820590722452616,1.034928848641656,18.27715922073433,26.21433333217615,55.50850744708961,717.9671912349758,1456.4998087172814,2303,6,0
alto,10,16,746,7,739,1223.9839901131413,4934.625836793556,6851.963659884259,64.76847060836427,2515.718061993907,3704.579060332359,8179.702877673717,6.677436856283567,1.656270622615888,0.938337801608579,17.470264319402133,25.726243474530268,56.803492206067475,685.1963659884259,1454.318267284953,2224,6,0
alto,10,17,764,14,750,1300.5468921380327,5037.333105993378,6990.159505028157,132.0260796481755,2590.2929488562986,3731.648803946359,8078.058247197345,6.716444141324504,1.7340625228507103,1.832460732984293,17.98814547816874,25.91422780518305,56.09762671664823,699.0159505028157,1455.9555509797701,2264,6,0
alto,10,18,770,3,767,1268.5093419660955,5033.964063920809,7161.926763519172,26.149688004330812,2381.253278116773,3737.8945189523515,8280.852202930875,6.5631865240167,1.653858333723723,0.38961038961038963,16.536481098033146,25.957600826058,57.50591807590886,716.1926763519172,1461.6505055308116,2304,6,0
alto,10,19,732,19,713,894.8792502352918,4470.294151770321,6673.348175767399,177.58539896533054,3153.4415277669377,3575.4149015350295,7671.143570698025,6.2696972675600575,1.255090112531966,2.5956284153005464,21.898899498381514,24.829270149548815,53.271830352069614,667.3348175767399,1447.4851945827795,2158,6,0
alto,10,20,728,5,723,1021.9119507508187,4637.734407145299,6671.720654051942,46.327787939454936,2969.787174539386,3614.6202556099033,7815.5925698507135,6.414570410989349,1.4134328502777576,0.6868131868131868,20.6235220454124,25.101529552846554,54.274948401741064,667.1720654051942,1452.045733718783,2174,6,0
alto,10,21,701,5,696,800.7961759368646,4240.016946377227,6536.990411824249,46.68613414327669,3499.0870573090137,3424.828936989225,7476.084005701764,6.091978371231648,1.1505692183000928,0.7132667617689016,24.29921567575704,23.783534284647395,51.91725003959559,653.6990411824249,1473.1326478228452,2093,6,0
alto,10,22,725,4,721,893.660590684674,4467.260349833418,6750.882739557495,39.93009925745021,3295.2057643963044,3546.778545942653,7558.015689661066,6.195922815302938,1.2394737734877588,0.5517241379310345,22.883373363863225,24.630406569046205,52.48622006709074,675.0882739557495,1461.2661713975162,2167,6,0
alto,10,23,767,25,742,1134.5845025256829,4824.83247803306,6925.232781644917,256.8361014005501,2439.8624736542124,3672.7674719752704,8287.370054370524,6.502469646944825,1.5290896260453948,3.259452411994785,16.943489400376475,25.505329666494937,57.551180933128634,692.5232781644917,1463.2189005272382,2251,6,0
alto,10,24,731,9,722,887.0137658489438,4440.419382361935,6709.431124270007,84.00335543098892,3065.8544888884253,3544.554648163715,7789.590862947872,6.1501653495317665,1.2285509222284539,1.231190150478796,21.290656172836286,24.61496283447024,54.09438099269356,670.9431124270006,1464.4651766285515,2175,6,0
alto,10,25,733,5,728,841.2799065617392,4544.588015942391,6798.158593049245,43.6805453528149,2651.977410179522,3701.490834674516,8046.531755145956,6.242565955964824,1.155604267255136,0.6821282401091405,18.416509792913345,25.70479746301747,55.878692744069134,679.8158593049245,1460.47201861012,2189,6,0
alto,10,26,763,10,753,1060.6555162912293,4789.723554999944,7084.382851000582,87.10407428732799,2598.4123146271695,3724.8986156177507,8076.689069755073,6.360854654714402,1.4085730628037574,1.310615989515072,18.044529962688678,25.867351497345492,56.08811853996579,708.4382851000582,1462.2515572920195,2269,6,0
alto,10,27,733,7,726,955.1803265565165,4598.925865334717,6722.25787271345,56.60251794480621,3005.6341980288853,3634.183662039858,7760.182139931258,6.334608629937627,1.3156753809318409,0.9549795361527967,20.872459708533924,25.237386541943458,53.89015374952262,672.225787271345,1457.96470187189,2185,6,0
alto,10,28,780,13,767,1411.4774145801973,5315.110573229141,7029.1003199250445,119.14438045876877,2418.5859406580576,3877.0126193801425,8104.401439961802,6.929739991172283,1.840257385371835,1.6666666666666667,16.795735699014287,26.923698745695436,56.28056555529029,702.9100319925044,1467.4677866701832,2314,6,0
alto,10,29,785,10,775,1073.897419329527,4966.651477473121,7264.792868890511,86.82801002826145,2331.367866472612,3874.7666227456534,8193.865510781725,6.408582551578221,1.3856740894574544,1.2738853503184715,16.19005462828203,26.908101546844815,56.90184382487309,726.4792868890511,1463.9078665510187,2335,6,0
alto,11,0,762,10,752,646.494546784374,4385.057003465117,6854.6145012413745,100.66926213416374,4018.1851352274857,3738.131911653344,8083.682953119179,5.831192823756805,0.8597001951919868,1.3123359580052494,25.367330399163418,23.599317624074143,51.033351976762496,623.146772840125,1449.3922116847073,2266,6,0
alto,11,1,727,2,725,304.3961173682236,3968.1542426831884,6815.134668071298,14.433783277813436,4408.077024006604,3651.3128471324517,7780.6101288609225,5.473316196804398,0.4198567136113429,0.2751031636863824,27.828769090950782,23.05121746927053,49.12001343977855,619.5576970973907,1458.558695777488,2177,6,0
alto,11,2,769,10,759,768.7212747439714,4515.564229914063,6979.253249876385,97.07106334678392,3980.177917185011,3718.2922191035655,8141.52986371141,5.949359986711545,1.0128080036152456,1.3003901170351104,25.127385840814465,23.474067039795237,51.398547119390216,634.4775681705804,1459.9547811907519,2287,6,0
alto,11,3,729,0,729,437.1420176014609,4071.357309544264,6767.086203536726,0.0,4222.666091031697,3634.2152919428017,7983.118617025518,5.584852276466754,0.5996461146796446,0.0,26.658245524190004,22.94327835822476,50.398476117585346,615.1896548669752,1447.2803787646938,2187,6,0
alto,11,4,758,1,757,350.64237502828087,4143.880921638582,7010.341553258547,12.537530875021462,3984.256670589688,3770.457647618151,8085.28568179218,5.474083119733925,0.46319996701226007,0.13192612137203166,25.153135546652074,23.803394240013578,51.04347021333447,637.3037775689588,1457.8937372974424,2272,6,0
alto,11,5,766,0,766,538.2521134606,4318.391564368521,7096.075688468936,0.0,3678.5640499443202,3761.392792028855,8400.04315802681,5.6375868986534226,0.7026789992958224,0.0,23.223257891062627,23.746166616343782,53.0305754925935,645.0977898608124,1455.170298433862,2298,5,0
alto,11,6,750,5,745,532.5750233958975,4231.0553072536195,6862.381882447395,51.24168803968098,4174.284277441884,3696.903262880551,7968.812459677563,5.679268868796805,0.7148658032159697,0.6666666666666667,26.352804781830073,23.33903575050853,50.30815946766138,623.8528984043086,1459.2042443784303,2240,6,0
alto,11,7,771,1,770,573.466269995423,4393.150600992874,7231.00157585674,9.193977602026571,3760.66356373446,3804.087415185274,8275.249021080273,5.7053903908998365,0.7447613896044454,0.12970168612191957,23.741562902364013,24.015703378694912,52.242733718941125,657.36377962334,1460.875458084423,2311,6,0
alto,11,8,788,12,776,818.5844887962973,4787.129058376379,7298.589738100367,102.76228252673812,3374.832553580073,3965.397488016454,8499.769958403476,6.168980745330386,1.0548769185519296,1.5228426395939088,21.30576107058127,25.034075050608926,53.66016387880983,663.5081580091243,1460.4525279938423,2340,6,0
alto,11,9,778,3,775,724.2563691673403,4669.792062567567,7202.360952858474,29.989885944447934,3361.173427946547,3944.914681419503,8533.91189063396,6.025538145248474,0.9345243473126971,0.3856041131105398,21.21952921683426,24.9047644029009,53.87570638026491,654.7600866234976,1454.1144327624197,2328,6,0
alto,11,10,736,3,733,547.4057846099656,4213.82630975241,6848.060008767369,28.701899888757676,4454.9080821742555,3666.4205251424437,7718.671392683318,5.748739849594012,0.7468018889631182,0.4076086956521739,28.12441971069606,23.146594224384113,48.72898606491994,622.5509098879427,1460.2028576076084,2202,6,0
alto,11,11,671,1,670,330.9200336430247,3660.0319163221584,6272.279645663875,7.682106336316963,5320.277615911009,3314.5757974777343,7205.146586611249,5.462734203465908,0.4939104979746637,0.14903129657228018,33.5876112115594,20.92535225680388,45.487036531636676,570.2072405148978,1460.5689535162533,2011,6,0
alto,11,12,755,8,747,421.1512417761279,4216.976929096487,6801.154854120257,76.45600374780348,3983.55065923916,3785.454402195013,8070.994938565829,5.645216772552192,0.5637901496333707,1.0596026490066226,25.14867840428763,23.89807072092811,50.953250874784274,618.2868049200234,1456.9942717553133,2249,6,0
alto,11,13,740,0,740,396.49184317313416,4103.267414557316,6915.902054493265,0.0,4259.999403390794,3699.606684731193,7880.3939118780045,5.544955965617995,0.535799788071803,0.0,26.893935627467137,23.35610280764642,49.74996156488639,628.7183685902968,1461.0878325419706,2220,6,0
alto,11,14,727,0,727,240.8638935887655,3832.269899865654,6689.418366281513,0.0,4356.685259881762,3586.8045485297325,7896.510191588487,5.271347867765686,0.33131209572044773,0.0,27.504326135617184,22.643968109404877,49.85170575497782,608.1289423892284,1458.6731112097386,2181,5,0
alto,11,15,773,4,769,511.6649664186504,4303.6421388780445,7206.031933581062,37.447564878269475,4010.130018434219,3790.4342001197515,8039.4357814460345,5.5964137046528535,0.6653640655639147,0.517464424320828,25.316477389104918,23.929508839139846,50.75401377175527,655.0938121437329,1456.4998087172814,2311,6,0
alto,11,16,746,0,746,558.1901550993714,4300.649941138913,6916.732130492623,0.0,3855.955822404677,3736.396999691499,8247.647177903827,5.76494630179479,0.7482441757364228,0.0,24.34315544447397,23.58836489704229,52.06847965848376,628.7938300447839,1454.318267284953,2238,6,0
alto,11,17,764,2,762,690.3194570163228,4478.194138490618,7106.530463571885,15.655121104446923,3846.1535591591373,3782.737271565304,8211.109169275554,5.876895194869577,0.9059310459531795,0.2617801047120419,24.281272469438996,23.880917118467828,51.83781041209314,646.0482239610805,1455.9555509797701,2288,6,0
alto,11,18,770,0,770,610.2771450017991,4387.361805750143,7188.076451523503,0.0,3754.962732709022,3754.1884576154275,8330.848809675555,5.697872475000185,0.7925677207815572,0.0,23.705572807506453,23.700684707168104,52.59374248532548,653.4614955930457,1460.5185584379194,2310,6,0
alto,11,19,732,12,720,505.05662860334553,4118.810252156692,6740.2179857015435,110.71558903118564,4486.682793851462,3613.753623553342,7739.563582595193,5.7205697946620715,0.7014675397268688,1.639344262295082,28.325017637951145,22.81410115879635,48.86088120325248,612.7470896092312,1447.4851945827795,2172,6,0
alto,11,20,728,1,727,410.75813750840143,4045.389504713367,6707.052096146493,10.996345844904923,4340.2972853286365,3633.429166420385,7866.2735482509715,5.564497255451674,0.5650043156924366,0.13736263736263737,27.40086670030705,22.93831544457314,49.660817855119774,609.7320087405902,1452.045733718783,2182,6,0
alto,11,21,701,3,698,409.50709730305556,3856.878696588623,6555.996038729839,27.680507237688232,4898.199270937035,3439.1180294976166,7502.68269956535,5.525614178493729,0.5866863858209965,0.42796005706134094,30.922975195309565,21.711603721575862,47.36542108311458,595.9996398845308,1467.697671579051,2097,6,0
alto,11,22,725,2,723,364.9682949664675,3952.510482692339,6775.956498205876,14.856340609070951,4692.385012455344,3567.631506433402,7579.9834811112705,5.466819478136015,0.5047970884736757,0.27586206896551724,29.6236427553999,22.52292617697855,47.85343106762166,615.9960452914434,1460.8500046712775,2171,6,0
alto,11,23,767,11,756,680.2333953854309,4437.799634810459,7072.503647601042,109.56523544442543,3625.477014372851,3740.085735892929,8474.437249734205,5.870105337050871,0.8997796235257022,1.4341590612777053,22.888112464475068,23.61165237306142,53.50023516246342,642.9548770546402,1463.2189005272382,2279,6,0
alto,11,24,731,5,726,446.4092695712128,4016.834568885458,6745.514937215088,47.91954248590818,4447.610573097458,3561.5743309649633,7830.815095937592,5.532829984690713,0.6148888010622766,0.6839945280437756,28.078349577635464,22.484686432859615,49.436963989504996,613.2286306559171,1464.4651766285515,2183,6,0
alto,11,25,733,3,730,386.10977323189354,4100.0771785888855,6816.7125927057405,25.126545696319255,4058.0672838864116,3712.1501306508535,8069.782585462728,5.616544080258747,0.5289174975779364,0.4092769440654843,25.619111640697046,23.435291228856396,50.945597130446515,619.7011447914309,1460.47201861012,2193,6,0
alto,11,26,763,3,760,489.59339666241095,4251.670783530153,7145.065326137993,26.421599149918553,3932.5717314747753,3757.907963776778,8149.520304748454,5.594303662539676,0.6442018377136987,0.39318479685452157,24.82684173910843,23.72416643798471,51.44899182290691,649.5513932852721,1462.2515572920195,2283,6,0
alto,11,27,733,2,731,515.6803910117828,4183.624877681292,6763.912945996815,14.94744466143958,4318.262450026288,3661.9206277107123,7859.816922263001,5.723153047443628,0.7054451313430682,0.2728512960436562,27.261757891580103,23.11818578100197,49.62005632741794,614.9011769088014,1455.5820093066047,2195,6,0
alto,11,28,780,5,775,646.499029289759,4587.599371463972,7103.207648119046,45.03705226476906,3757.7683392824338,3915.246906801297,8166.9847539162765,5.919483059953512,0.8341922958577536,0.641025641025641,23.723284970217385,24.717467845967782,51.55924718381488,645.7461498290041,1465.7007755616617,2330,6,0
alto,11,29,785,5,780,520.9880167207313,4447.31335974602,7311.927587407575,39.69329151119941,3697.0729831121726,3908.895638737842,8234.031378149999,5.70168379454618,0.6679333547701682,0.6369426751592357,23.340107216617252,24.677371456678294,51.982521326704536,664.720689764325,1461.698663948088,2345,6,0
alto,12,0,762,1,761,387.11703376108926,4173.98167517494,6939.429647241349,15.854116134190322,5299.606828987741,3786.434096386449,8193.959074625815,5.484864224934219,0.508695182340459,0.13123359580052493,30.669021001086467,21.912234354088245,47.41874464482532,578.2858039367791,1453.9794901777843,2284,7,0
alto,12,1,727,0,727,118.52445235610219,3794.433685091305,6829.568451349111,0.0,5821.066422902684,3663.463954552687,7795.469622544613,5.219303555833982,0.16303225908679805,0.0,33.68672698439054,21.200601588846567,45.11267142676281,569.1307042790926,1458.558695777488,2181,6,0
alto,12,2,769,4,765,438.95823912566135,4216.340379043967,7041.248214274771,35.076098948397195,5327.048314248357,3748.831403851784,8204.120281899874,5.511556051037865,0.5738016197721063,0.5201560468140443,30.82782589264096,21.694626179697828,47.477547927661305,586.7706845228976,1459.9547811907519,2299,7,0
alto,12,3,729,0,729,178.61408249414436,3812.8293744369453,6767.086203536726,0.0,5662.666091031694,3634.215291942807,7983.118617025518,5.230218620626811,0.24501245883970418,0.0,32.770058397174154,21.031338495039392,46.19860310778656,563.9238502947272,1447.2803787646938,2187,5,0
alto,12,4,758,0,758,166.21978185883626,3964.038875060713,7022.879084133568,0.0,5406.893959042386,3775.0381942097256,8098.067846747894,5.229602737547115,0.21928731115941458,0.0,31.289895596310103,21.8462858461211,46.863818557568834,585.2399236777973,1457.8937372974424,2274,6,0
alto,12,5,766,0,766,189.57098586986172,3969.7104367777843,7096.075688468936,0.0,5112.008160219333,3765.10688300711,8402.884956773554,5.182389604148543,0.2474817047909422,0.0,29.583380556824846,21.78881298036522,48.62780646280992,591.3396407057447,1455.170298433862,2298,4,0
alto,12,6,750,0,750,292.96280053927615,4018.8547636231087,6913.623570487077,0.0,5536.368328949411,3724.314942106665,8019.316728943924,5.358473018164145,0.3906170673857015,0.0,32.03916857030909,21.55274850756172,46.40808292212919,576.1352975405897,1459.2042443784303,2250,6,0
alto,12,7,771,0,771,263.612858219808,4086.16366689149,7240.195553458766,0.0,5180.049584872936,3807.0971794313987,8292.853235695671,5.29982317365952,0.34191032194527626,0.0,29.97713880134801,22.031812380968745,47.991048817683286,603.3496294548971,1460.740077179368,2313,6,0
alto,12,8,788,4,784,506.0913515297128,4520.530557421106,7363.901913493581,37.45010713352382,4720.255599700133,4011.2921243277688,8548.452275972113,5.765982853853451,0.6455246830736133,0.5076142131979695,27.31629397974614,23.213496089859774,49.47020993039417,613.6584927911317,1460.4525279938423,2356,7,0
alto,12,9,778,0,778,264.67162166488424,4224.2708163065945,7232.350838802922,0.0,4742.2035197670175,3958.978182660987,8578.81829757199,5.429654005535468,0.3401948864587201,0.0,27.44330740605913,22.910753371880713,49.64593922206013,602.6959032335768,1454.1144327624197,2334,6,0
alto,12,10,736,0,736,187.72929454525558,3866.5095096285027,6876.761908656127,0.0,5855.582173778171,3678.7802150832513,7745.637611138582,5.253409659821335,0.25506697628431463,0.0,33.886470913068116,21.289237355805852,44.82429173112605,573.0634923880106,1460.2028576076084,2208,5,0
alto,12,11,671,0,671,168.87543431296183,3503.114952164331,6279.961752000194,0.0,6734.717374449996,3320.47658809149,7224.806037458515,5.220737633627915,0.25167724934867636,0.0,38.97405887991896,19.215720995899826,41.81022012418122,523.3301460000162,1460.1317486510234,2013,5,0
alto,12,12,755,1,754,218.8665582449862,4048.3480375557115,6871.320385674896,6.290472193165537,5303.264067090777,3819.789678460601,8156.946254448643,5.369161853522164,0.2902739499270374,0.13245033112582782,30.690185573441997,22.105264342943293,47.20455008361483,572.6100321395746,1456.9942717553133,2263,7,0
alto,12,13,740,0,740,167.21788204142115,3873.9934534256067,6915.902054493265,0.0,5693.036831901552,3701.0191278841603,7885.944040214287,5.235126288412982,0.22597011086678534,0.0,32.945814999430276,21.41793476784815,45.63625023272157,576.3251712077721,1461.0878325419706,2220,5,0
alto,12,14,727,0,727,72.632352557063,3664.038358833952,6689.418366281513,0.0,5796.685259881769,3586.8045485297334,7896.510191588494,5.039942721917403,0.09990694987216368,0.0,33.54563229098246,20.756970766954478,45.697396942063044,557.4515305234594,1458.6731112097386,2181,4,0
alto,12,15,773,0,773,254.3165238227542,4063.3050966021674,7243.479498459331,0.0,5401.411535079076,3807.4456004397757,8071.142864481171,5.256539581632817,0.3289993839880391,0.0,31.258168605781687,22.033828706248702,46.70800268796974,603.6232915382776,1456.4998087172814,2319,7,0
alto,12,16,746,0,746,232.47691327687363,3974.9366993164167,6916.7321304926245,0.0,5291.383236396084,3736.3969996914907,8252.219763912404,5.328333377099755,0.31163125104138556,0.0,30.62143076618104,21.62266782228872,47.75590141153012,576.3943442077187,1454.318267284953,2238,5,0
alto,12,17,764,0,764,301.72646276649004,4099.232161470448,7122.185584676331,0.0,5256.119252455376,3792.3682887949612,8231.512458749658,5.365487122343518,0.39492992508702884,0.0,30.41735678504269,21.94657574534121,47.63606746961607,593.5154653896942,1455.9555509797701,2292,7,0
alto,12,18,770,0,770,245.5709043083878,4022.6555650567284,7188.076451523503,0.0,5186.532495172063,3758.850497480744,8334.617007347206,5.22422800656718,0.3189232523485556,0.0,30.014655643356846,21.752607045606158,48.23273731103707,599.006370960292,1458.5096777279723,2310,5,0
alto,12,19,732,6,726,369.2968945456423,4012.191813645142,6793.759235255637,57.17433947709267,5849.236619812398,3642.894919099502,7787.868461088095,5.526435005020857,0.508673408465072,0.819672131147541,33.84974895724768,21.081567818862858,45.06868322388944,566.1466029379698,1447.4851945827795,2184,7,0
alto,12,20,728,0,728,164.34449527126986,3806.5201863318866,6718.048441991397,0.0,5769.564102059252,3640.973490276029,7869.462407664712,5.228736519686658,0.22574793306493113,0.0,33.388681146176225,21.07044843909739,45.54087041472634,559.8373701659498,1452.045733718783,2184,6,0
alto,12,21,701,1,700,233.42468782371617,3691.801356655895,6576.95778280952,6.71876315800757,6308.408830565479,3454.7570765350993,7516.834092899441,5.2740019380798495,0.33346383974816596,0.14265335235378032,36.50699554725393,19.992807155874416,43.50019729687177,548.0798152341266,1467.667810718736,2101,7,0
alto,12,22,725,0,725,191.8639812441814,3786.194664386171,6790.812838814947,0.0,6093.369441927476,3581.5948648132335,7605.035693259306,5.222337468118857,0.26463997412990536,0.0,35.262554640784,20.726822134335844,44.01062322488024,565.9010699012456,1458.5434312690934,2175,6,0
alto,12,23,767,3,764,442.47257517478835,4241.85144615131,7151.199818253054,30.869064792411283,4958.502811687197,3781.8983674444235,8539.598820868385,5.552161578732081,0.5791525853073146,0.3911342894393742,28.695039419486097,21.885985922710784,49.418974657803155,595.9333181877545,1463.2189005272382,2295,7,0
alto,12,24,731,1,730,256.35231369643986,3844.530349811381,6785.244995090169,8.189484610827439,5827.0124413835265,3579.3270677656537,7873.6604908508025,5.266479931248467,0.35116755300882174,0.13679890560875513,33.721136813562076,20.713698308829017,45.56516487760881,565.4370829241808,1464.4651766285515,2191,7,0
alto,12,25,733,0,733,228.6463725622291,3959.3928756913256,6841.839138402059,0.0,5431.495213601642,3728.929228422966,8119.575557975384,5.401627388391986,0.3119322954464244,0.0,31.432263967602093,21.579451553373648,46.98828447902421,570.1532615335049,1460.47201861012,2199,7,0
alto,12,26,763,1,762,217.90717657938512,3990.0569935828844,7159.949076840911,11.537848447000037,5339.948000467361,3767.9803939125295,8172.071605620109,5.236295267169139,0.2859674233325264,0.1310615989515072,30.902476854556486,21.80544209440121,47.292081051042295,596.662423070076,1462.2515572920195,2287,7,0
alto,12,27,733,0,733,285.74473660913634,3962.528975068908,6778.860390658255,0.0,5729.468700576442,3670.7603795009754,7879.770919922581,5.405905832290461,0.38982910860728015,0.0,33.15664757278034,21.242826270260274,45.60052615695938,564.9050325548545,1455.5820093066047,2199,6,0
alto,12,28,780,1,779,307.25513581191274,4266.625876011438,7141.448295602901,6.79640478091278,5141.940504637143,3937.443158046277,8200.616337316587,5.477055039809291,0.39442251066997785,0.1282051282051282,29.756600142576062,22.78612938684188,47.4572704705821,595.1206913002418,1464.8142476761307,2338,7,0
alto,12,29,785,2,783,288.5241797842198,4226.445798460443,7334.4743643432885,17.14651457548621,5086.990229847031,3923.6079931623385,8269.401776990633,5.397759640434794,0.3684855425085822,0.25477707006369427,29.438600867170315,22.706064775245014,47.85533435758468,611.2061970286073,1461.698663948088,2351,7,0
alto,13,0,762,0,762,198.63035614570424,3991.1827100967603,6955.283763375539,0.0,6727.481433460041,3792.1218089236577,8200.396757616307,5.237772585428819,0.26066975872139664,0.0,35.93740081976518,20.25706094510501,43.805538235129845,535.0218279519645,1452.9549012980613,2286,7,0
alto,13,1,727,0,727,43.7560287531567,3719.665261488357,6829.568451349111,0.0,7261.066422902684,3663.463954552686,7795.469622544615,5.116458406448909,0.06018710970172861,0.0,38.78774798559127,19.56978608201221,41.64246593239645,525.351419334547,1458.558695777488,2181,5,0
alto,13,2,769,0,769,252.94807485053389,4046.6115256202124,7076.324313223168,0.0,6690.531656507714,3765.1127147031534,8264.355628789117,5.262173635396895,0.32893117665869165,0.0,35.740019532626675,20.112781595636502,44.147198871736734,544.3326394787052,1459.9547811907519,2307,8,0
alto,13,3,729,0,729,84.49947140233402,3718.7147633451345,6767.086203536726,0.0,7102.666091031698,3634.215291942799,7983.1186170255105,5.101117645192229,0.11591148340512211,0.0,37.94159236662232,19.413543226190168,42.644864407187555,520.5450925797481,1447.2803787646938,2187,4,0
alto,13,4,758,0,758,74.78225404139067,3872.6013472432655,7022.879084133568,0.0,6846.893959042396,3775.0381942097238,8098.0678467478865,5.108972753619084,0.09865732723138611,0.0,36.575288242747845,20.165802319496386,43.258909437755804,540.2214680102744,1457.8937372974424,2274,5,0
alto,13,5,766,0,766,61.23799003393274,3841.377440941859,7096.0756884689345,0.0,6548.2445163066,3766.4629059018625,8405.29257779154,5.014853056059868,0.07994515670226206,0.0,34.97993865548398,20.119994155458667,44.900067189057374,545.8519760360718,1455.170298433862,2298,3,0
alto,13,6,750,0,750,131.208311785256,3857.100274869087,6913.623570487077,0.0,6976.368328949406,3724.314942106666,8019.316728943926,5.142800366492116,0.17494441571367467,0.0,37.266924834131444,19.894844776210824,42.838230389657724,531.8171977297751,1459.2042443784303,2250,5,0
alto,13,7,771,0,771,115.68576583757434,3938.2365745092575,7240.195553458766,0.0,6620.049584872933,3807.0971794313978,8292.853235695664,5.1079592406086345,0.15004638889438954,0.0,35.36351273970584,20.33705758243268,44.299429677861454,556.9381194968281,1460.740077179368,2313,5,0
alto,13,8,788,1,787,308.6682046039923,4339.655108903334,7393.434632985402,7.91738764170376,6108.7710170148175,4027.839822735713,8583.389160249468,5.514174217157985,0.39220864625666113,0.12690355329949238,32.632323808839836,21.516238369314706,45.85143782184545,568.7257409988771,1460.4525279938423,2362,8,0
alto,13,9,778,0,778,84.90186439408899,4044.501059035796,7232.350838802922,0.0,6182.203519767037,3958.9781826609924,8578.818297571997,5.198587479480458,0.10912836040371335,0.0,33.02459145174699,21.14838772788992,45.82702082036324,556.3346799079171,1454.1144327624197,2334,4,0
alto,13,10,736,0,736,48.58105018527135,3727.3612652685183,6876.761908656127,0.0,7295.582173778179,3678.7802150832495,7745.637611138576,5.064349545201791,0.06600686166477086,0.0,38.972126996678305,19.651603713051546,41.37626929027017,528.9816852812405,1460.2028576076084,2208,4,0
alto,13,11,671,0,671,74.5564906981839,3408.7960085495515,6279.961752000194,0.0,8173.320632432411,3320.476588091493,7226.202779476096,5.0801728890455315,0.11111250476629492,0.0,43.6609008142757,17.737588611599854,38.60151057412444,483.0739809230918,1460.1317486510234,2013,4,0
alto,13,12,755,0,755,101.4856296568385,3937.2808093967146,6877.6108578680605,0.0,6728.647333637575,3826.103378889755,8165.2492874726995,5.214941469399622,0.1344180525256139,0.0,35.94362891900414,20.438586425693135,43.617784655302884,529.0469890667739,1456.9942717553133,2265,7,0
alto,13,13,740,0,740,67.36978380509973,3774.1453551892832,6915.902054493265,0.0,7132.88126618216,3701.019127884163,7886.099605933672,5.100196425931464,0.0910402483852699,0.0,38.102998216785046,19.770401324167537,42.126600459047395,531.9924657302511,1461.0878325419706,2220,4,0
alto,13,14,727,0,727,16.447403781803587,3607.853410058694,6689.418366281514,0.0,7236.685259881779,3586.8045485297316,7896.510191588502,4.962659436119249,0.022623664074007684,0.0,38.65750673013771,19.16028070795797,42.182212561904386,514.5706435601164,1458.6731112097386,2181,2,0
alto,13,15,773,0,773,119.68931344591498,3928.6778862253295,7243.479498459331,0.0,6841.411535079061,3807.445600439775,8071.142864481169,5.082377601843893,0.15483740419911382,0.0,36.54600178995225,20.338918805768028,43.11507940427975,557.1907306507178,1456.4998087172814,2319,6,0
alto,13,16,746,0,746,97.94715435804841,3840.406940397589,6916.732130492623,0.0,6727.828539733017,3736.3969996914943,8255.774460575494,5.147998579621433,0.13129645356306757,0.0,35.93925501994133,19.959385682112686,44.10135929794602,532.0563177302017,1454.318267284953,2238,4,0
alto,13,17,764,0,764,124.64722820756566,3922.15292691152,7122.185584676332,0.0,6696.119252455387,3792.3682887949594,8231.512458749647,5.133708019517696,0.1631508222612116,0.0,35.769867801577924,20.258377611084185,43.971754587337855,547.8604295904871,1455.9555509797701,2292,6,0
alto,13,18,770,0,770,92.09629217367171,3869.180952922012,7188.076451523503,0.0,6620.578309293323,3762.582671866831,8336.839018839846,5.0249103284701455,0.11960557425152171,0.0,35.366337122293395,20.099266409545034,44.53439646816157,552.9289578095003,1456.4936901874814,2310,4,0
alto,13,19,732,2,730,260.4070213205852,3922.5700830123183,6832.769218436693,18.164356296034406,7208.606272258581,3662.163061691736,7849.230666049666,5.3733836753593405,0.3567219470145003,0.273224043715847,38.50751213813345,19.56283686801141,41.929650993855056,525.597632187438,1447.4851945827795,2192,8,0
alto,13,20,728,0,728,63.015297768777714,3705.190988829391,6718.048441991397,0.0,7209.564102059265,3640.973490276033,7869.462407664699,5.089548061578833,0.08655947495711225,0.0,38.51262875031659,19.449644713012994,42.0377265366704,516.7729570762614,1452.045733718783,2184,5,0
alto,13,21,701,0,701,137.9275389310393,3604.4212199046224,6583.676545967525,0.0,7728.901605066588,3463.468061162491,7527.630333770929,5.141827703144967,0.196758258104193,0.0,41.286867548432625,18.501431950654332,40.211700500913075,506.43665738211735,1467.4817799693776,2103,7,0
alto,13,22,725,0,725,96.13462281189628,3690.465305953887,6790.812838814947,0.0,7525.483613416271,3585.822553131239,7608.693833452513,5.090296973729499,0.1325994797405466,0.0,40.20023297765102,19.155035006042944,40.64473201630616,522.3702183703806,1458.1272645428546,2175,5,0
alto,13,23,767,1,766,266.19316678979806,4074.1495113933747,7175.22371816469,6.845164880775555,6367.461368407843,3790.4758410714776,8562.062790520682,5.318733043594484,0.3475106616054805,0.1303780964797914,34.01421671158036,20.24826838179208,45.737514906627574,551.9402860126685,1463.2189005272382,2299,8,0
alto,13,24,731,0,731,150.36173924459865,3742.4724680277286,6793.434479700996,0.0,7252.1739692767715,3583.2597604338443,7884.566270289396,5.119661378970901,0.20569321374090102,0.0,38.74024556237591,19.141344874112416,42.11840956351173,522.5718830539228,1464.4651766285515,2193,7,0
alto,13,25,733,0,733,104.26759552485507,3835.0140986539545,6841.83913840206,0.0,6871.495213601662,3728.9292284229678,8119.575557975388,5.231942835817128,0.14224774287156217,0.0,36.706705200863574,19.919493741575682,43.373801057560826,526.29531833862,1460.47201861012,2199,6,0
alto,13,26,763,0,763,88.68758523986224,3865.000936043646,7171.486925287911,0.0,6766.333750394088,3772.1439277128165,8181.522321893106,5.065532026269523,0.11623536728684436,0.0,36.144945247831664,20.150341494192396,43.70471325797599,551.6528404067624,1462.2515572920195,2289,6,0
alto,13,27,733,0,733,141.4173225935905,3818.201561053361,6778.860390658255,0.0,7169.468700576433,3670.760379500972,7879.770919922583,5.209006222446604,0.192929498763425,0.0,38.298443913335646,19.608762711009465,42.09279337565482,521.4507992814042,1455.5820093066047,2199,5,0
alto,13,28,780,0,780,136.97704990397477,4101.532461788295,7148.244700383814,0.0,6550.669423780012,3948.834377255431,8220.496198964562,5.258374951010635,0.1756116024409933,0.0,34.99289222104707,21.094200733202086,43.91290704575086,549.8649769526011,1463.8672506460443,2340,6,0
alto,13,29,785,0,785,175.70350324064333,4124.11506404241,7351.620878918775,0.0,6477.980747299915,3939.2961066254807,8302.723146074595,5.25364976311135,0.2238261187778896,0.0,34.60459800908074,21.043248432828424,44.352153558090784,565.5092983783672,1461.698663948088,2355,7,0
alto,14,0,762,0,762,102.32009021514972,3894.8724441662043,6955.283763375538,0.0,8164.553755329448,3792.1218089236527,8203.32443574691,5.111381160323103,0.13427833361568203,0.0,40.49877854826115,18.810128020454624,40.69109343128427,496.80598309825274,1451.1241604894626,2286,6,0
alto,14,1,727,0,727,22.54286972853339,3698.4521024637343,6829.568451349111,0.0,8701.06642290271,3663.463954552685,7795.46962254461,5.087279370651629,0.03100807390444758,0.0,43.1600517009063,18.171944219011333,38.66800408008239,487.8263179535079,1458.558695777488,2181,4,0
alto,14,2,769,0,769,130.4288576804259,3924.092308450105,7076.324313223168,0.0,8130.531656507716,3765.112714703159,8264.355628789132,5.102850856242009,0.1696083975038048,0.0,40.33001813743907,18.67615433880535,40.99382752375561,505.45173665879776,1459.9547811907519,2307,7,0
alto,14,3,729,0,729,36.08001825969518,3670.2953102024953,6767.086203536726,0.0,8542.66609103169,3634.2152919428017,7983.118617025503,5.03469864225308,0.04949248046597418,0.0,42.3743357690064,18.026861567176596,39.598802663816976,483.36330025262333,1447.2803787646938,2187,3,0
alto,14,4,758,0,758,34.76091442801757,3832.580007629896,7022.879084133568,0.0,8286.893959042416,3775.0381942097247,8098.06784674789,5.056174152546037,0.04585872615833453,0.0,41.10562479683738,18.725387868103795,40.16898733505898,501.6342202952548,1457.8937372974424,2274,4,0
alto,14,5,766,0,766,18.974129016358436,3799.113579924285,7096.075688468936,0.0,7987.727781838834,3766.9796403695937,8405.292577791537,4.959678302773218,0.024770403415611535,0.0,39.62166558451802,18.685414882785683,41.692919532696116,506.8625491763526,1455.170298433862,2298,2,0
alto,14,6,750,0,750,46.55573426654885,3772.4476973503806,6913.623570487077,0.0,8416.368328949398,3724.314942106668,8019.316728943928,5.029930263133841,0.062074312355398474,0.0,41.747858774550586,18.473784435052913,39.778356790396465,493.8302550347912,1459.2042443784303,2250,4,0
alto,14,7,771,0,771,53.20498181849706,3875.7557904901805,7240.195553458766,0.0,8060.049584872938,3807.097179431403,8292.853235695671,5.026920610233697,0.06900775851945144,0.0,39.98040468686973,18.884410612258947,41.135184700871385,517.1568252470547,1460.740077179368,2313,4,0
alto,14,8,788,0,788,175.23506871076196,4208.884394125974,7401.352020627105,0.0,7522.985905835141,4030.5022438515816,8606.511850313289,5.341223850413672,0.22237952882076392,0.0,37.316398342436216,19.9925706540257,42.691031003538136,528.6680014733646,1460.4525279938423,2364,7,0
alto,14,9,778,0,778,29.456931044185694,3989.0561256858937,7232.350838802922,0.0,7622.20351976703,3958.9781826609906,8578.818297572001,5.127321498310917,0.03786237923417184,0.0,37.8085492051936,19.6377886044692,42.553662190337306,516.596488485923,1454.1144327624197,2334,3,0
alto,14,10,736,0,736,13.088898511690672,3691.869113594938,6876.761908656127,0.0,8735.582173778179,3678.7802150832504,7745.637611138576,5.016126513036601,0.01778382949957972,0.0,43.331260782629855,18.24791773354787,38.4208214838223,491.19727918972336,1460.2028576076084,2208,3,0
alto,14,11,671,0,671,28.709728052971286,3362.9492459043395,6279.961752000194,0.0,9613.118214364764,3320.476588091492,7226.405197543736,5.011846864238956,0.04278647995971876,0.0,47.684118126809345,16.470617996485576,35.84526387670504,448.56869657144244,1460.1317486510234,2013,3,0
alto,14,12,755,0,755,54.27786963871945,3890.0730493785973,6877.6108578680605,0.0,8168.647333637562,3826.1033788897576,8165.2492874726995,5.152414634938539,0.07189121806452907,0.0,40.519083996218065,18.978687395286496,40.502228608495535,491.2579184191472,1456.9942717553133,2265,6,0
alto,14,13,740,0,740,24.945419704725794,3731.720991088909,6915.902054493265,0.0,8572.881266182181,3701.019127884161,7886.099605933665,5.042866204174201,0.03371002662800783,0.0,42.52421262987193,18.358229801012705,39.117557569115405,493.99300389237607,1461.0878325419706,2220,3,0
alto,14,14,727,0,727,0.9669835048015898,3592.372989781691,6689.418366281514,0.0,8676.685259881773,3586.8045485297325,7896.510191588498,4.941365873152257,0.0013301011070173175,0.0,43.0391133922707,17.791689228818118,39.1691973789112,477.8155975915367,1458.6731112097386,2181,1,0
alto,14,15,773,0,773,53.60078270787193,3862.5893554872882,7243.479498459331,0.0,8281.411535079067,3807.4456004397757,8071.14286448118,4.996881443062469,0.06934124541768684,0.0,41.07843023352712,18.886138891070317,40.035430875402675,517.3913927470951,1456.4998087172814,2319,5,0
alto,14,16,746,0,746,32.152485938127086,3774.6122719776704,6916.732130492623,0.0,8165.062032713959,3736.3969996914934,8258.54096759454,5.0598019731604165,0.043099847102047034,0.0,40.50129976544623,18.533715276247488,40.964984958306246,494.05229503518734,1454.318267284953,2238,3,0
alto,14,17,764,0,764,48.79387141179622,3846.2995701157524,7122.185584676331,0.0,8136.119252455385,3792.368288794963,8231.512458749643,5.034423521093917,0.0638663238374296,0.0,40.35773438717949,18.811350638863907,40.83091497395656,508.7275417625951,1455.9555509797701,2292,5,0
alto,14,18,770,0,770,27.28899315538274,3804.3736539037236,7188.076451523503,0.0,8058.582774041731,3763.7453446794557,8337.671881278842,4.940745005069771,0.03544025085114642,0.0,39.97312883949271,18.66937174940206,41.35749941110537,513.4340322516788,1456.4936901874814,2310,3,0
alto,14,19,732,1,731,141.3912390500636,3809.10164012638,6843.977146851645,6.956427881083629,8628.043000250918,3667.7104010763255,7864.246598672743,5.2108093572180305,0.19342166764714583,0.1366120218579235,42.797832342514475,18.193007941846854,39.00915971563861,488.8555104894032,1447.4851945827795,2194,8,0
alto,14,20,728,0,728,19.317374122014627,3661.4930651826294,6718.048441991397,0.0,8649.564102059261,3640.973490276032,7869.462407664704,5.0295234411849306,0.026534854563206905,0.0,42.90458383957967,18.060384376369207,39.035031784051114,479.86060299938555,1452.045733718783,2184,4,0
alto,14,21,701,0,701,75.46639331332304,3541.960074286905,6583.676545967525,0.0,9168.771103008445,3463.5985632206375,7527.630333770921,5.0527247850027175,0.10765533996194442,0.0,45.48001539190697,17.1805484286738,37.33943617941925,470.2626104262518,1467.4817799693776,2103,6,0
alto,14,22,725,0,725,52.74882116147786,3647.0795043034677,6790.812838814947,0.0,8961.005206328056,3587.7362757393407,7611.258517932619,5.0304544886944385,0.0727569947054867,0.0,44.44943058694472,17.79631089156419,37.75425852149116,485.05805991535334,1454.6028247544216,2175,4,0
alto,14,23,767,0,767,150.5316968050787,3964.890968109065,7182.068883045465,0.0,7785.629175221088,3796.8787677718865,8577.492057007028,5.169349371719772,0.19626036089319257,0.0,38.6191923374062,18.833724046487532,42.54708361610629,513.0049202175331,1463.2189005272382,2301,8,0
alto,14,24,731,0,731,86.15684717766771,3678.2675759607973,6793.434479700996,0.0,8692.17396927675,3583.2597604338453,7884.566270289403,5.031829789276056,0.11786162404605706,0.0,43.115942307920385,17.774105954532963,39.109951737546645,485.2453199786426,1464.4651766285515,2193,6,0
alto,14,25,733,0,733,47.713758980202954,3778.4602621093018,6841.83913840206,0.0,8311.495213601655,3728.929228422964,8119.575557975382,5.15478889782988,0.06509380488431508,0.0,41.227654829373286,18.496672760034542,40.27567241059217,488.7027956001471,1460.47201861012,2199,5,0
alto,14,26,763,0,763,36.59666613759097,3812.910016941374,7171.486925287911,0.0,8206.333750394082,3772.143927712811,8181.522321893102,4.997260834785549,0.047964175802871524,0.0,40.706020587272235,18.71103138746434,40.582948025263406,512.2490660919937,1462.2515572920195,2289,5,0
alto,14,27,733,0,733,59.77951903046659,3736.5637574902375,6778.860390658255,0.0,8609.468700576424,3670.760379500971,7879.770919922581,5.097631319904826,0.0815545962216461,0.0,42.70569791952592,18.20813680308021,39.086165277393754,484.20431361844675,1455.5820093066047,2199,4,0
alto,14,28,780,0,780,62.30871388286745,4026.864125767187,7148.244700383814,0.0,7981.630552958391,3954.3843988581566,8223.98504818346,5.162646315086137,0.07988296651649673,0.0,39.59142139364281,19.615001978463077,40.79357662789415,510.5889071702724,1462.2348258316263,2340,5,0
alto,14,29,785,0,785,92.44949669058316,4040.8610574923487,7351.620878918774,0.0,7907.44908760527,3945.224546416341,8307.32636597839,5.147593703811909,0.11777005947844989,0.0,39.223457775819796,19.56956620246201,41.206976021718205,525.1157770656267,1461.698663948088,2355,6,0
alto,15,0,762,0,762,53.08027171394954,3845.6326256650054,6955.283763375538,0.0,9599.885633621936,3792.121808923651,8207.992557454423,5.0467619759383275,0.06965914923090491,0.0,44.44391497047192,17.556119485757645,37.99996554377047,463.6855842250359,1449.9691197472287,2286,5,0
alto,15,1,727,0,727,9.728758845843572,3685.637991581044,6829.568451349111,0.0,10141.06642290267,3663.463954552686,7795.469622544611,5.069653358433348,0.013382061686167224,0.0,46.94938158751236,16.960481271077253,36.09013714141024,455.30456342327403,1458.558695777488,2181,3,0
alto,15,2,769,0,769,62.983209640851555,3856.646660410532,7076.324313223168,0.0,9570.531656507714,3765.112714703156,8264.355628789142,5.01514520209432,0.08190274335611386,0.0,44.30801692827645,17.431077382884983,38.26090568883862,471.7549542148779,1459.9547811907519,2307,6,0
alto,15,3,729,0,729,11.21473128614781,3645.4300232289474,6767.086203536726,0.0,9982.666091031704,3634.2152919428027,7983.118617025505,5.000589880972493,0.015383719185387942,0.0,46.216046717739374,16.825070796031493,36.958882486229186,451.13908023578176,1447.2803787646938,2187,2,0
alto,15,4,758,0,758,16.00991638842791,3813.8290095903053,7022.879084133568,0.0,9726.893959042387,3775.0381942097247,8098.067846747888,5.0314366881138595,0.021121261726158195,0.0,45.03191647704809,17.477028676896875,37.491054846055036,468.19193894223787,1457.8937372974424,2274,3,0
alto,15,5,766,0,766,3.190661114769682,3783.3301120226965,7096.075688468936,0.0,9427.72778183883,3766.9796403695964,8405.29257779154,4.939073253293338,0.004165353935730655,0.0,43.646887878883476,17.43972055726665,38.91339156384973,473.07171256459577,1455.170298433862,2298,1,0
alto,15,6,750,0,750,13.1633785074091,3739.055341591242,6913.623570487077,0.0,9856.368328949437,3724.314942106668,8019.31672894393,4.985407122121655,0.017551171343212133,0.0,45.63133485624739,17.242198806049387,37.12646633770338,460.9082380324718,1459.2042443784303,2250,3,0
alto,15,7,771,0,771,20.0051346926314,3842.5559433643148,7240.195553458766,0.0,9500.04958487295,3807.0971794314014,8292.853235695678,4.98385984872155,0.02594699700730402,0.0,43.98171104107847,17.625449904775007,38.39283905414666,482.6797035639177,1460.740077179368,2313,3,0
alto,15,8,788,0,788,95.74656242482138,4129.395887840031,7401.352020627105,0.0,8962.985905835138,4030.5022438515816,8606.511850313285,5.240350111472121,0.12150578987921494,0.0,41.49530511960712,18.65973261042399,39.84496226996892,493.423468041807,1460.4525279938423,2364,6,0
alto,15,9,778,0,778,10.434647095511536,3970.0338417372186,7232.350838802922,0.0,9062.203519767041,3958.9781826609915,8578.818297572001,5.102871261873031,0.013412142796287323,0.0,41.95464592484741,18.32860269750459,39.71675137764815,482.15672258686146,1454.1144327624197,2334,2,0
alto,15,10,736,0,736,3.2955954102392298,3682.0758104934844,6876.761908656127,0.0,10175.582173778219,3678.7802150832504,7745.6376111385725,5.002820394692234,0.004477711155216345,0.0,47.10917673045471,17.031389884644675,35.8594333849008,458.4507939104085,1460.2028576076084,2208,2,0
alto,15,11,671,0,671,7.874510912744739,3342.1140287641138,6279.961752000194,0.0,11052.56897747533,3320.476588091493,7226.954434433172,4.980795869991228,0.01173548571198918,0.0,51.169300821645045,15.372576796719875,33.45812238163505,418.66411680001295,1460.1317486510234,2013,2,0
alto,15,12,755,0,755,27.129155512516505,3862.924335252393,6877.6108578680605,0.0,9608.647333637575,3826.103378889754,8165.249287472698,5.116456073181977,0.03593265630796888,0.0,44.48447839647026,17.713441568934048,37.802080034595825,458.50739052453736,1456.9942717553133,2265,5,0
alto,15,13,740,0,740,7.0254357388860456,3713.8010071230697,6915.902054493265,0.0,10012.881266182172,3701.019127884163,7886.09960593367,5.01865000962577,0.009493832079575737,0.0,46.35593178788043,17.134347814278534,36.509720397841065,461.0601369662176,1461.0878325419706,2220,2,0
alto,15,14,727,0,727,0.0,3591.4060062768895,6689.418366281514,0.0,10116.685259881771,3586.8045485297316,7896.510191588498,4.94003577204524,0.0,0.0,46.83650583278598,16.60557661356357,36.557917553650455,445.9612244187676,1458.6731112097386,2181,0,0
alto,15,15,773,0,773,18.9581223536033,3827.9466951330187,7243.479498459331,0.0,9721.411535079063,3807.4456004397766,8071.142864481169,4.952065582319558,0.02452538467477788,0.0,45.006534884625296,17.627062964998967,37.366402150375784,482.89863323062207,1456.4998087172814,2319,4,0
alto,15,16,746,0,746,8.413796471353606,3750.873582510897,6916.732130492623,0.0,9605.06203271397,3736.3969996914952,8258.54096759454,5.0279806736071,0.011278547548731376,0.0,44.46787978108319,17.298134257830995,38.23398596108583,461.11547536617485,1454.318267284953,2238,2,0
alto,15,17,764,0,764,16.553973559283378,3814.0596722632436,7122.185584676331,0.0,9576.11925245539,3792.3682887949612,8231.512458749643,4.99222470191524,0.021667504658747876,0.0,44.333885428034215,17.557260596272968,38.10885397569279,474.8123723117554,1455.9555509797701,2292,4,0
alto,15,18,770,0,770,6.060320394944,3783.1449811432867,7188.076451523503,0.0,9498.405725684166,3763.8658444909784,8337.728429824896,4.9131753001860865,0.00787054596745974,0.0,43.97410058187114,17.425304835606383,38.60059458252267,479.20509676823355,1456.4936901874814,2310,2,0
alto,15,19,732,0,732,86.56813809457182,3758.867215116465,6850.933574732729,0.0,10057.054881229276,3672.2990770219008,7870.6460417487915,5.135064501525226,0.11826248373575385,0.0,46.560439264950354,17.001384615842134,36.43817611920737,456.7289049821819,1447.4851945827795,2196,8,0
alto,15,20,728,0,728,8.9583902210627,3651.1340812816757,6718.048441991397,0.0,10089.564102059212,3640.973490276032,7869.462407664702,5.01529406769461,0.012305481072888324,0.0,46.7109449169408,16.856358751277924,36.43269633178103,447.86989613275983,1452.045733718783,2184,3,0
alto,15,21,701,0,701,42.52869748207493,3509.0223784556583,6583.676545967525,0.0,10608.771103008428,3463.5985632206366,7527.630333770927,5.005738057711353,0.06066861267057765,0.0,49.11468103244643,16.035178533428873,34.85014043412466,438.91176973116836,1467.4817799693776,2103,5,0
alto,15,22,725,0,725,28.588802615285942,3622.9194857572757,6790.812838814947,0.0,10400.624853568439,3588.1166284989254,7611.258517932617,4.997130325182449,0.03943283119349785,0.0,48.15104098874277,16.611651057865394,35.23730795339174,452.7208559209965,1454.6028247544216,2175,3,0
alto,15,23,767,0,767,81.85159100375591,3896.2108623077424,7182.068883045465,0.0,9225.629175221098,3796.8787677718865,8577.492057007024,5.079805557115701,0.10671654628912114,0.0,42.71124618157916,17.578142443388366,39.71061137503252,478.80459220303095,1463.2189005272382,2301,7,0
alto,15,24,731,0,731,49.45748506772702,3641.5682138508555,6793.434479700996,0.0,10132.173969276766,3583.259760433839,7884.566270289407,4.981625463544262,0.06765729831426405,0.0,46.90821282072577,16.58916555756407,36.50262162171022,452.8956319800664,1464.4651766285515,2193,5,0
alto,15,25,733,0,733,21.50167449613184,3752.2481776252307,6841.83913840206,0.0,9751.495213601647,3728.929228422964,8119.575557975384,5.119028891712457,0.029333798766892006,0.0,45.1458111740817,17.26356124269891,37.59062758321937,456.122609226804,1460.47201861012,2199,4,0
alto,15,26,763,0,763,14.569313004154253,3790.882663807938,7171.486925287911,0.0,9646.333750394075,3772.1439277128156,8181.522321893106,4.968391433562173,0.019094774579494433,0.0,44.658952548120716,17.46362929496674,37.877418156912526,478.0991283525274,1462.2515572920195,2289,4,0
alto,15,27,733,0,733,17.811992699164193,3694.5962311589356,6778.860390658255,0.0,10049.468700576426,3670.7603795009745,7879.770919922585,5.040376850148616,0.024300126465435463,0.0,46.525318058224194,16.994261016208213,36.48042092556752,451.92402604388366,1455.5820093066047,2199,2,0
alto,15,28,780,0,780,27.903932844947292,3992.459344729267,7148.244700383814,0.0,9417.50301207658,3955.920448360819,8226.57653956259,5.118537621447778,0.03577427287813755,0.0,43.599550981836025,18.314446520188977,38.08600249797495,476.54964669225427,1461.8002523787247,2340,4,0
alto,15,29,785,0,785,46.05659050841041,3994.468151310176,7351.620878918774,0.0,9338.828806266694,3946.4204559865034,8314.750737746808,5.08849446026774,0.05867081593428078,0.0,43.235318547530994,18.27046507401159,38.494216378457445,490.1080585945849,1461.698663948088,2355,5,0
